Genes	Modules
1	ENSG00000001036	blue
2	ENSG00000001461	darkmagenta
3	ENSG00000001617	green
4	ENSG00000002549	midnightblue
5	ENSG00000002834	green
6	ENSG00000003096	darkturquoise
7	ENSG00000003436	steelblue
8	ENSG00000003989	green
9	ENSG00000004059	blue
10	ENSG00000004399	green
11	ENSG00000004455	darkturquoise
12	ENSG00000004776	green
13	ENSG00000004779	blue
14	ENSG00000004897	black
15	ENSG00000005007	brown
16	ENSG00000005022	steelblue
17	ENSG00000005075	grey
18	ENSG00000005100	darkmagenta
19	ENSG00000005238	darkmagenta
20	ENSG00000005243	blue
21	ENSG00000005339	darkmagenta
22	ENSG00000005483	darkmagenta
23	ENSG00000005810	white
24	ENSG00000005884	green
25	ENSG00000005893	black
26	ENSG00000006007	brown
27	ENSG00000006015	darkmagenta
28	ENSG00000006016	green
29	ENSG00000006042	blue
30	ENSG00000006125	brown
31	ENSG00000006327	grey60
32	ENSG00000006534	darkorange
33	ENSG00000007080	cyan
34	ENSG00000007168	black
35	ENSG00000007202	darkmagenta
36	ENSG00000008018	blue
37	ENSG00000008256	brown
38	ENSG00000008283	darkmagenta
39	ENSG00000008394	blue
40	ENSG00000008441	darkorange
41	ENSG00000008513	darkmagenta
42	ENSG00000008710	green
43	ENSG00000008952	darkmagenta
44	ENSG00000008988	blue
45	ENSG00000009307	black
46	ENSG00000009335	black
47	ENSG00000009844	darkturquoise
48	ENSG00000009954	darkmagenta
49	ENSG00000010017	black
50	ENSG00000010244	black
51	ENSG00000010256	cyan
52	ENSG00000010270	darkturquoise
53	ENSG00000010278	lightgreen
54	ENSG00000010295	green
55	ENSG00000010810	green
56	ENSG00000011028	green
57	ENSG00000011275	darkmagenta
58	ENSG00000011304	grey
59	ENSG00000011422	greenyellow
60	ENSG00000011426	black
61	ENSG00000011454	darkturquoise
62	ENSG00000011465	lightyellow
63	ENSG00000012061	greenyellow
64	ENSG00000012171	darkorange
65	ENSG00000012660	black
66	ENSG00000012822	green
67	ENSG00000012983	black
68	ENSG00000013288	darkorange
69	ENSG00000013297	grey
70	ENSG00000013364	darkorange
71	ENSG00000013375	darkturquoise
72	ENSG00000013441	black
73	ENSG00000013810	greenyellow
74	ENSG00000014216	lightgreen
75	ENSG00000014641	darkturquoise
76	ENSG00000014824	black
77	ENSG00000015153	darkmagenta
78	ENSG00000015171	black
79	ENSG00000015676	brown
80	ENSG00000016864	darkturquoise
81	ENSG00000017797	darkmagenta
82	ENSG00000018408	black
83	ENSG00000019144	green
84	ENSG00000019549	black
85	ENSG00000021762	green
86	ENSG00000022267	lightyellow
87	ENSG00000022840	darkorange
88	ENSG00000023287	black
89	ENSG00000023608	darkmagenta
90	ENSG00000023734	darkturquoise
91	ENSG00000023909	darkmagenta
92	ENSG00000024422	darkorange
93	ENSG00000025293	darkmagenta
94	ENSG00000025708	grey
95	ENSG00000025800	darkmagenta
96	ENSG00000026025	blue
97	ENSG00000026508	brown
98	ENSG00000027697	darkturquoise
99	ENSG00000028277	darkmagenta
100	ENSG00000028310	darkmagenta
101	ENSG00000028528	black
102	ENSG00000029363	darkturquoise
103	ENSG00000030582	green
104	ENSG00000031698	darkturquoise
105	ENSG00000032444	darkmagenta
106	ENSG00000033100	brown
107	ENSG00000034152	darkorange
108	ENSG00000034510	blue
109	ENSG00000034713	blue
110	ENSG00000035403	brown
111	ENSG00000035862	grey
112	ENSG00000035928	black
113	ENSG00000037965	darkmagenta
114	ENSG00000038219	steelblue
115	ENSG00000038427	pink
116	ENSG00000039560	darkturquoise
117	ENSG00000040275	darkturquoise
118	ENSG00000041357	blue
119	ENSG00000041982	green
120	ENSG00000042493	darkorange
121	ENSG00000042753	darkmagenta
122	ENSG00000044115	black
123	ENSG00000044574	darkturquoise
124	ENSG00000046653	brown
125	ENSG00000047315	black
126	ENSG00000047410	black
127	ENSG00000047457	lightyellow
128	ENSG00000047849	grey
129	ENSG00000047932	darkmagenta
130	ENSG00000048544	darkmagenta
131	ENSG00000048649	darkmagenta
132	ENSG00000048828	brown
133	ENSG00000049239	grey60
134	ENSG00000049245	darkturquoise
135	ENSG00000049323	steelblue
136	ENSG00000049449	white
137	ENSG00000049540	midnightblue
138	ENSG00000049860	black
139	ENSG00000050130	black
140	ENSG00000050165	darkorange
141	ENSG00000050405	black
142	ENSG00000051108	steelblue
143	ENSG00000051523	cyan
144	ENSG00000051620	darkturquoise
145	ENSG00000052749	darkmagenta
146	ENSG00000053372	darkmagenta
147	ENSG00000053770	grey60
148	ENSG00000054116	blue
149	ENSG00000054118	brown
150	ENSG00000054148	cyan
151	ENSG00000054267	darkmagenta
152	ENSG00000054598	darkmagenta
153	ENSG00000055130	black
154	ENSG00000055211	darkturquoise
155	ENSG00000055332	darkmagenta
156	ENSG00000055483	darkmagenta
157	ENSG00000055950	blue
158	ENSG00000056097	black
159	ENSG00000057608	black
160	ENSG00000058262	grey
161	ENSG00000058272	darkmagenta
162	ENSG00000058668	white
163	ENSG00000059378	midnightblue
164	ENSG00000059573	black
165	ENSG00000060138	brown
166	ENSG00000060237	brown
167	ENSG00000060339	darkmagenta
168	ENSG00000060718	green
169	ENSG00000060982	black
170	ENSG00000061273	lightgreen
171	ENSG00000061676	black
172	ENSG00000062485	black
173	ENSG00000062716	black
174	ENSG00000063046	black
175	ENSG00000063177	blue
176	ENSG00000063244	brown
177	ENSG00000063245	cyan
178	ENSG00000063660	darkorange
179	ENSG00000064042	darkmagenta
180	ENSG00000064205	pink
181	ENSG00000064393	white
182	ENSG00000064419	darkmagenta
183	ENSG00000064601	green
184	ENSG00000064666	green
185	ENSG00000064726	black
186	ENSG00000064886	brown
187	ENSG00000065000	darkmagenta
188	ENSG00000065054	lightgreen
189	ENSG00000065135	black
190	ENSG00000065150	black
191	ENSG00000065154	black
192	ENSG00000065308	brown
193	ENSG00000065320	grey
194	ENSG00000065427	black
195	ENSG00000065457	darkmagenta
196	ENSG00000065485	blue
197	ENSG00000065518	darkturquoise
198	ENSG00000065534	lightyellow
199	ENSG00000065548	white
200	ENSG00000065809	steelblue
201	ENSG00000065911	darkturquoise
202	ENSG00000065978	black
203	ENSG00000066322	blue
204	ENSG00000066629	black
205	ENSG00000066697	black
206	ENSG00000067057	greenyellow
207	ENSG00000067066	white
208	ENSG00000067082	darkmagenta
209	ENSG00000067113	green
210	ENSG00000067167	darkturquoise
211	ENSG00000067182	green
212	ENSG00000067225	cyan
213	ENSG00000067334	darkmagenta
214	ENSG00000067369	darkmagenta
215	ENSG00000067560	blue
216	ENSG00000067704	black
217	ENSG00000067900	white
218	ENSG00000068079	midnightblue
219	ENSG00000068120	darkmagenta
220	ENSG00000068305	black
221	ENSG00000068366	black
222	ENSG00000068438	blue
223	ENSG00000068489	greenyellow
224	ENSG00000068697	blue
225	ENSG00000068878	black
226	ENSG00000068912	darkturquoise
227	ENSG00000069011	cyan
228	ENSG00000069275	darkmagenta
229	ENSG00000069329	black
230	ENSG00000069345	darkturquoise
231	ENSG00000069702	green
232	ENSG00000069849	steelblue
233	ENSG00000069956	black
234	ENSG00000070010	darkturquoise
235	ENSG00000070081	steelblue
236	ENSG00000070087	darkturquoise
237	ENSG00000070193	grey60
238	ENSG00000070214	brown
239	ENSG00000070404	darkmagenta
240	ENSG00000070614	green
241	ENSG00000070756	brown
242	ENSG00000070785	darkmagenta
243	ENSG00000070814	darkmagenta
244	ENSG00000070961	darkmagenta
245	ENSG00000071054	white
246	ENSG00000071082	blue
247	ENSG00000071127	greenyellow
248	ENSG00000071242	green
249	ENSG00000071282	lightyellow
250	ENSG00000071462	darkmagenta
251	ENSG00000071537	black
252	ENSG00000071553	white
253	ENSG00000071655	darkmagenta
254	ENSG00000071859	darkmagenta
255	ENSG00000071889	darkmagenta
256	ENSG00000071967	brown
257	ENSG00000072042	darkmagenta
258	ENSG00000072110	green
259	ENSG00000072210	brown
260	ENSG00000072274	black
261	ENSG00000072364	black
262	ENSG00000072518	darkmagenta
263	ENSG00000072682	blue
264	ENSG00000072778	cyan
265	ENSG00000072849	darkturquoise
266	ENSG00000072958	lightgreen
267	ENSG00000073008	darkmagenta
268	ENSG00000073614	darkmagenta
269	ENSG00000073712	darkturquoise
270	ENSG00000073756	black
271	ENSG00000073921	black
272	ENSG00000074071	cyan
273	ENSG00000074181	green
274	ENSG00000074201	blue
275	ENSG00000074319	darkturquoise
276	ENSG00000074410	darkmagenta
277	ENSG00000074416	darkmagenta
278	ENSG00000074527	black
279	ENSG00000074695	black
280	ENSG00000074696	darkturquoise
281	ENSG00000074800	cyan
282	ENSG00000074842	blue
283	ENSG00000075142	blue
284	ENSG00000075151	brown
285	ENSG00000075223	lightyellow
286	ENSG00000075239	blue
287	ENSG00000075292	black
288	ENSG00000075415	blue
289	ENSG00000075420	black
290	ENSG00000075426	brown
291	ENSG00000075618	green
292	ENSG00000075624	blue
293	ENSG00000075711	black
294	ENSG00000075785	black
295	ENSG00000076003	darkturquoise
296	ENSG00000076043	blue
297	ENSG00000076108	darkmagenta
298	ENSG00000076356	green
299	ENSG00000076716	green
300	ENSG00000076984	darkmagenta
301	ENSG00000077097	black
302	ENSG00000077147	black
303	ENSG00000077232	black
304	ENSG00000077235	grey60
305	ENSG00000077549	steelblue
306	ENSG00000077782	darkorange
307	ENSG00000077942	darkorange
308	ENSG00000078098	black
309	ENSG00000078269	black
310	ENSG00000078304	black
311	ENSG00000078369	black
312	ENSG00000078618	black
313	ENSG00000078668	darkturquoise
314	ENSG00000078674	black
315	ENSG00000078725	green
316	ENSG00000078804	darkorange
317	ENSG00000078808	green
318	ENSG00000079246	black
319	ENSG00000079308	green
320	ENSG00000079332	black
321	ENSG00000079432	darkorange
322	ENSG00000079739	lightyellow
323	ENSG00000079785	black
324	ENSG00000079819	brown
325	ENSG00000079931	pink
326	ENSG00000080503	brown
327	ENSG00000080573	green
328	ENSG00000080824	darkmagenta
329	ENSG00000081154	black
330	ENSG00000081320	lightyellow
331	ENSG00000082014	darkmagenta
332	ENSG00000082068	darkmagenta
333	ENSG00000082153	darkturquoise
334	ENSG00000082641	brown
335	ENSG00000082781	lightgreen
336	ENSG00000082898	black
337	ENSG00000083099	darkmagenta
338	ENSG00000083312	black
339	ENSG00000083444	lightgreen
340	ENSG00000083457	blue
341	ENSG00000083642	darkmagenta
342	ENSG00000083845	blue
343	ENSG00000083857	steelblue
344	ENSG00000084073	black
345	ENSG00000084090	lightyellow
346	ENSG00000084207	blue
347	ENSG00000084234	darkmagenta
348	ENSG00000084623	darkmagenta
349	ENSG00000084636	darkorange
350	ENSG00000084733	black
351	ENSG00000084754	brown
352	ENSG00000085063	blue
353	ENSG00000085117	darkmagenta
354	ENSG00000085224	darkmagenta
355	ENSG00000085449	black
356	ENSG00000085662	darkmagenta
357	ENSG00000085719	black
358	ENSG00000085998	grey
359	ENSG00000086061	darkturquoise
360	ENSG00000086062	pink
361	ENSG00000086065	darkturquoise
362	ENSG00000086232	black
363	ENSG00000086289	grey60
364	ENSG00000086504	darkmagenta
365	ENSG00000086598	black
366	ENSG00000086758	brown
367	ENSG00000087053	black
368	ENSG00000087074	lightyellow
369	ENSG00000087077	lightgreen
370	ENSG00000087086	blue
371	ENSG00000087087	darkmagenta
372	ENSG00000087116	green
373	ENSG00000087191	cyan
374	ENSG00000087245	darkmagenta
375	ENSG00000087274	green
376	ENSG00000087302	blue
377	ENSG00000087303	green
378	ENSG00000087365	darkmagenta
379	ENSG00000087448	darkmagenta
380	ENSG00000087460	green
381	ENSG00000087470	black
382	ENSG00000087502	black
383	ENSG00000088205	black
384	ENSG00000088247	brown
385	ENSG00000088256	darkmagenta
386	ENSG00000088325	darkturquoise
387	ENSG00000088367	lightyellow
388	ENSG00000088826	greenyellow
389	ENSG00000088832	black
390	ENSG00000088888	darkmagenta
391	ENSG00000088930	black
392	ENSG00000088986	blue
393	ENSG00000089006	black
394	ENSG00000089009	black
395	ENSG00000089048	darkmagenta
396	ENSG00000089053	white
397	ENSG00000089063	black
398	ENSG00000089127	midnightblue
399	ENSG00000089154	brown
400	ENSG00000089157	darkturquoise
401	ENSG00000089220	darkmagenta
402	ENSG00000089248	lightgreen
403	ENSG00000089280	darkturquoise
404	ENSG00000089327	darkmagenta
405	ENSG00000089597	grey
406	ENSG00000089685	steelblue
407	ENSG00000089693	lightgreen
408	ENSG00000090006	green
409	ENSG00000090054	black
410	ENSG00000090060	black
411	ENSG00000090266	blue
412	ENSG00000090273	cyan
413	ENSG00000090339	lightyellow
414	ENSG00000090487	black
415	ENSG00000090530	greenyellow
416	ENSG00000090615	darkorange
417	ENSG00000090621	darkorange
418	ENSG00000090861	brown
419	ENSG00000090863	darkorange
420	ENSG00000090905	darkmagenta
421	ENSG00000091039	black
422	ENSG00000091136	brown
423	ENSG00000091140	black
424	ENSG00000091164	blue
425	ENSG00000091317	darkturquoise
426	ENSG00000091436	darkmagenta
427	ENSG00000091490	grey60
428	ENSG00000091527	black
429	ENSG00000091542	grey
430	ENSG00000091622	darkmagenta
431	ENSG00000091640	darkturquoise
432	ENSG00000091986	darkmagenta
433	ENSG00000092068	brown
434	ENSG00000092108	black
435	ENSG00000092148	brown
436	ENSG00000092199	black
437	ENSG00000092201	black
438	ENSG00000092203	darkmagenta
439	ENSG00000092607	brown
440	ENSG00000092820	darkmagenta
441	ENSG00000092841	blue
442	ENSG00000092964	brown
443	ENSG00000093010	blue
444	ENSG00000093144	black
445	ENSG00000093183	white
446	ENSG00000094804	darkturquoise
447	ENSG00000094916	black
448	ENSG00000095139	black
449	ENSG00000095303	grey60
450	ENSG00000095380	darkmagenta
451	ENSG00000096060	green
452	ENSG00000096384	darkmagenta
453	ENSG00000096433	brown
454	ENSG00000096746	darkturquoise
455	ENSG00000097007	green
456	ENSG00000097033	black
457	ENSG00000099194	brown
458	ENSG00000099246	black
459	ENSG00000099250	green
460	ENSG00000099331	darkorange
461	ENSG00000099337	grey60
462	ENSG00000099341	blue
463	ENSG00000099377	cyan
464	ENSG00000099385	blue
465	ENSG00000099622	green
466	ENSG00000099624	cyan
467	ENSG00000099783	brown
468	ENSG00000099795	cyan
469	ENSG00000099817	darkorange
470	ENSG00000099821	darkmagenta
471	ENSG00000099860	lightyellow
472	ENSG00000099901	darkturquoise
473	ENSG00000099994	green
474	ENSG00000099998	green
475	ENSG00000100030	black
476	ENSG00000100075	lightgreen
477	ENSG00000100097	blue
478	ENSG00000100106	darkorange
479	ENSG00000100129	black
480	ENSG00000100138	blue
481	ENSG00000100142	blue
482	ENSG00000100196	darkturquoise
483	ENSG00000100201	black
484	ENSG00000100216	blue
485	ENSG00000100219	darkturquoise
486	ENSG00000100220	black
487	ENSG00000100234	steelblue
488	ENSG00000100241	darkorange
489	ENSG00000100242	green
490	ENSG00000100243	darkorange
491	ENSG00000100258	cyan
492	ENSG00000100280	white
493	ENSG00000100281	darkmagenta
494	ENSG00000100284	darkmagenta
495	ENSG00000100292	brown
496	ENSG00000100300	lightgreen
497	ENSG00000100316	black
498	ENSG00000100335	white
499	ENSG00000100342	cyan
500	ENSG00000100345	grey
501	ENSG00000100348	darkmagenta
502	ENSG00000100353	blue
503	ENSG00000100354	darkmagenta
504	ENSG00000100364	green
505	ENSG00000100380	black
506	ENSG00000100387	blue
507	ENSG00000100401	grey60
508	ENSG00000100403	green
509	ENSG00000100422	brown
510	ENSG00000100439	brown
511	ENSG00000100519	black
512	ENSG00000100528	darkturquoise
513	ENSG00000100554	darkturquoise
514	ENSG00000100567	darkturquoise
515	ENSG00000100591	black
516	ENSG00000100600	darkturquoise
517	ENSG00000100632	darkturquoise
518	ENSG00000100644	black
519	ENSG00000100650	black
520	ENSG00000100664	darkmagenta
521	ENSG00000100739	pink
522	ENSG00000100804	darkturquoise
523	ENSG00000100811	darkmagenta
524	ENSG00000100813	darkmagenta
525	ENSG00000100906	darkmagenta
526	ENSG00000100934	black
527	ENSG00000100979	green
528	ENSG00000100991	brown
529	ENSG00000100994	green
530	ENSG00000101000	pink
531	ENSG00000101150	cyan
532	ENSG00000101160	cyan
533	ENSG00000101161	darkmagenta
534	ENSG00000101182	grey
535	ENSG00000101199	darkmagenta
536	ENSG00000101220	cyan
537	ENSG00000101224	grey
538	ENSG00000101230	green
539	ENSG00000101236	darkmagenta
540	ENSG00000101266	steelblue
541	ENSG00000101335	darkmagenta
542	ENSG00000101337	brown
543	ENSG00000101347	grey60
544	ENSG00000101350	darkmagenta
545	ENSG00000101361	white
546	ENSG00000101365	darkmagenta
547	ENSG00000101367	darkturquoise
548	ENSG00000101384	black
549	ENSG00000101417	darkmagenta
550	ENSG00000101439	darkorange
551	ENSG00000101460	darkmagenta
552	ENSG00000101474	green
553	ENSG00000101558	black
554	ENSG00000101608	darkturquoise
555	ENSG00000101745	black
556	ENSG00000101773	black
557	ENSG00000101782	darkmagenta
558	ENSG00000101825	steelblue
559	ENSG00000101846	green
560	ENSG00000101856	blue
561	ENSG00000101882	darkmagenta
562	ENSG00000101955	green
563	ENSG00000101972	black
564	ENSG00000102007	darkturquoise
565	ENSG00000102024	black
566	ENSG00000102038	black
567	ENSG00000102054	black
568	ENSG00000102144	darkturquoise
569	ENSG00000102158	darkmagenta
570	ENSG00000102172	darkturquoise
571	ENSG00000102181	green
572	ENSG00000102225	grey
573	ENSG00000102226	darkmagenta
574	ENSG00000102241	black
575	ENSG00000102265	darkmagenta
576	ENSG00000102316	brown
577	ENSG00000102317	steelblue
578	ENSG00000102359	darkmagenta
579	ENSG00000102390	darkmagenta
580	ENSG00000102547	darkturquoise
581	ENSG00000102580	black
582	ENSG00000102802	darkturquoise
583	ENSG00000102804	black
584	ENSG00000102882	darkorange
585	ENSG00000102898	blue
586	ENSG00000102978	black
587	ENSG00000103018	darkturquoise
588	ENSG00000103035	darkmagenta
589	ENSG00000103066	darkmagenta
590	ENSG00000103145	darkmagenta
591	ENSG00000103187	green
592	ENSG00000103202	blue
593	ENSG00000103257	grey
594	ENSG00000103335	lightgreen
595	ENSG00000103342	steelblue
596	ENSG00000103363	cyan
597	ENSG00000103502	lightgreen
598	ENSG00000103550	darkmagenta
599	ENSG00000103591	black
600	ENSG00000103769	darkturquoise
601	ENSG00000103855	grey
602	ENSG00000103888	lightyellow
603	ENSG00000103994	white
604	ENSG00000104131	white
605	ENSG00000104164	darkmagenta
606	ENSG00000104213	blue
607	ENSG00000104218	darkmagenta
608	ENSG00000104324	black
609	ENSG00000104325	darkturquoise
610	ENSG00000104331	black
611	ENSG00000104332	white
612	ENSG00000104368	grey60
613	ENSG00000104388	black
614	ENSG00000104408	black
615	ENSG00000104419	brown
616	ENSG00000104447	darkmagenta
617	ENSG00000104517	black
618	ENSG00000104613	blue
619	ENSG00000104635	steelblue
620	ENSG00000104723	darkturquoise
621	ENSG00000104756	black
622	ENSG00000104763	black
623	ENSG00000104765	darkturquoise
624	ENSG00000104805	darkorange
625	ENSG00000104812	lightgreen
626	ENSG00000104853	grey
627	ENSG00000104870	lightgreen
628	ENSG00000104904	cyan
629	ENSG00000104946	darkorange
630	ENSG00000104960	darkmagenta
631	ENSG00000104964	lightgreen
632	ENSG00000104969	cyan
633	ENSG00000104979	blue
634	ENSG00000105058	darkmagenta
635	ENSG00000105088	brown
636	ENSG00000105127	darkmagenta
637	ENSG00000105137	darkorange
638	ENSG00000105185	darkturquoise
639	ENSG00000105193	blue
640	ENSG00000105197	darkmagenta
641	ENSG00000105220	darkmagenta
642	ENSG00000105221	green
643	ENSG00000105223	darkorange
644	ENSG00000105254	blue
645	ENSG00000105270	darkorange
646	ENSG00000105281	blue
647	ENSG00000105323	brown
648	ENSG00000105329	greenyellow
649	ENSG00000105355	green
650	ENSG00000105372	blue
651	ENSG00000105373	grey
652	ENSG00000105401	grey
653	ENSG00000105404	darkmagenta
654	ENSG00000105426	darkorange
655	ENSG00000105429	darkorange
656	ENSG00000105438	cyan
657	ENSG00000105472	darkmagenta
658	ENSG00000105559	grey60
659	ENSG00000105568	grey
660	ENSG00000105576	white
661	ENSG00000105640	black
662	ENSG00000105664	darkmagenta
663	ENSG00000105669	cyan
664	ENSG00000105677	blue
665	ENSG00000105701	darkorange
666	ENSG00000105821	darkmagenta
667	ENSG00000105825	grey60
668	ENSG00000105835	black
669	ENSG00000105849	darkmagenta
670	ENSG00000105854	blue
671	ENSG00000105887	black
672	ENSG00000105953	grey
673	ENSG00000105968	black
674	ENSG00000105971	blue
675	ENSG00000105974	steelblue
676	ENSG00000105976	green
677	ENSG00000105993	black
678	ENSG00000106052	black
679	ENSG00000106080	white
680	ENSG00000106105	darkturquoise
681	ENSG00000106153	blue
682	ENSG00000106211	green
683	ENSG00000106244	darkturquoise
684	ENSG00000106261	darkmagenta
685	ENSG00000106263	grey
686	ENSG00000106333	lightgreen
687	ENSG00000106355	darkturquoise
688	ENSG00000106366	grey60
689	ENSG00000106367	blue
690	ENSG00000106392	darkturquoise
691	ENSG00000106397	grey
692	ENSG00000106400	cyan
693	ENSG00000106443	darkmagenta
694	ENSG00000106483	grey60
695	ENSG00000106484	lightyellow
696	ENSG00000106538	darkmagenta
697	ENSG00000106546	greenyellow
698	ENSG00000106554	black
699	ENSG00000106591	blue
700	ENSG00000106609	blue
701	ENSG00000106615	darkturquoise
702	ENSG00000106624	grey
703	ENSG00000106628	lightgreen
704	ENSG00000106636	grey
705	ENSG00000106665	darkmagenta
706	ENSG00000106682	black
707	ENSG00000106683	darkmagenta
708	ENSG00000106723	black
709	ENSG00000106771	darkmagenta
710	ENSG00000106772	green
711	ENSG00000106780	darkmagenta
712	ENSG00000106799	darkturquoise
713	ENSG00000106803	darkturquoise
714	ENSG00000106853	blue
715	ENSG00000106991	darkmagenta
716	ENSG00000106992	darkmagenta
717	ENSG00000107104	brown
718	ENSG00000107175	darkmagenta
719	ENSG00000107223	darkmagenta
720	ENSG00000107262	blue
721	ENSG00000107263	green
722	ENSG00000107281	darkorange
723	ENSG00000107290	black
724	ENSG00000107341	darkmagenta
725	ENSG00000107372	black
726	ENSG00000107562	pink
727	ENSG00000107566	steelblue
728	ENSG00000107581	steelblue
729	ENSG00000107625	black
730	ENSG00000107738	darkorange
731	ENSG00000107796	darkturquoise
732	ENSG00000107821	darkorange
733	ENSG00000107862	brown
734	ENSG00000107863	black
735	ENSG00000107937	black
736	ENSG00000107949	darkturquoise
737	ENSG00000107957	grey
738	ENSG00000107984	steelblue
739	ENSG00000108010	darkturquoise
740	ENSG00000108055	black
741	ENSG00000108107	blue
742	ENSG00000108175	brown
743	ENSG00000108298	blue
744	ENSG00000108306	grey60
745	ENSG00000108312	brown
746	ENSG00000108424	black
747	ENSG00000108468	black
748	ENSG00000108518	blue
749	ENSG00000108551	lightyellow
750	ENSG00000108561	darkturquoise
751	ENSG00000108582	black
752	ENSG00000108588	black
753	ENSG00000108602	grey
754	ENSG00000108604	green
755	ENSG00000108654	black
756	ENSG00000108671	darkmagenta
757	ENSG00000108679	darkmagenta
758	ENSG00000108691	grey
759	ENSG00000108819	darkorange
760	ENSG00000108821	grey60
761	ENSG00000108826	grey
762	ENSG00000108828	grey
763	ENSG00000108829	brown
764	ENSG00000108846	darkorange
765	ENSG00000108848	darkmagenta
766	ENSG00000108854	darkmagenta
767	ENSG00000108861	darkmagenta
768	ENSG00000108946	black
769	ENSG00000109046	black
770	ENSG00000109062	green
771	ENSG00000109099	green
772	ENSG00000109111	white
773	ENSG00000109113	lightgreen
774	ENSG00000109180	darkturquoise
775	ENSG00000109332	black
776	ENSG00000109472	black
777	ENSG00000109475	blue
778	ENSG00000109606	darkturquoise
779	ENSG00000109610	lightgreen
780	ENSG00000109670	darkmagenta
781	ENSG00000109743	darkturquoise
782	ENSG00000109790	black
783	ENSG00000109814	black
784	ENSG00000109846	darkorange
785	ENSG00000109861	darkturquoise
786	ENSG00000109971	black
787	ENSG00000110002	lightgreen
788	ENSG00000110047	darkorange
789	ENSG00000110075	black
790	ENSG00000110090	darkmagenta
791	ENSG00000110092	darkmagenta
792	ENSG00000110108	lightgreen
793	ENSG00000110318	darkmagenta
794	ENSG00000110321	black
795	ENSG00000110330	black
796	ENSG00000110367	grey60
797	ENSG00000110446	midnightblue
798	ENSG00000110492	grey
799	ENSG00000110651	darkorange
800	ENSG00000110696	black
801	ENSG00000110700	blue
802	ENSG00000110717	darkmagenta
803	ENSG00000110811	cyan
804	ENSG00000110841	black
805	ENSG00000110880	darkturquoise
806	ENSG00000110900	brown
807	ENSG00000110906	darkturquoise
808	ENSG00000110917	darkmagenta
809	ENSG00000110955	darkturquoise
810	ENSG00000110958	blue
811	ENSG00000111011	black
812	ENSG00000111077	green
813	ENSG00000111142	darkmagenta
814	ENSG00000111145	darkmagenta
815	ENSG00000111186	darkmagenta
816	ENSG00000111229	darkturquoise
817	ENSG00000111237	darkturquoise
818	ENSG00000111321	green
819	ENSG00000111328	black
820	ENSG00000111331	midnightblue
821	ENSG00000111335	midnightblue
822	ENSG00000111341	darkturquoise
823	ENSG00000111358	darkmagenta
824	ENSG00000111364	darkmagenta
825	ENSG00000111371	darkturquoise
826	ENSG00000111412	darkmagenta
827	ENSG00000111481	blue
828	ENSG00000111530	black
829	ENSG00000111540	black
830	ENSG00000111596	black
831	ENSG00000111639	blue
832	ENSG00000111640	darkturquoise
833	ENSG00000111642	darkmagenta
834	ENSG00000111652	darkturquoise
835	ENSG00000111667	grey
836	ENSG00000111669	white
837	ENSG00000111674	greenyellow
838	ENSG00000111676	green
839	ENSG00000111678	cyan
840	ENSG00000111716	blue
841	ENSG00000111775	blue
842	ENSG00000111799	brown
843	ENSG00000111817	steelblue
844	ENSG00000111832	blue
845	ENSG00000111885	brown
846	ENSG00000111897	black
847	ENSG00000111906	blue
848	ENSG00000111907	lightyellow
849	ENSG00000112078	darkturquoise
850	ENSG00000112081	black
851	ENSG00000112110	darkturquoise
852	ENSG00000112208	blue
853	ENSG00000112249	black
854	ENSG00000112305	darkmagenta
855	ENSG00000112306	blue
856	ENSG00000112308	black
857	ENSG00000112312	darkturquoise
858	ENSG00000112320	darkmagenta
859	ENSG00000112335	darkturquoise
860	ENSG00000112339	black
861	ENSG00000112378	lightyellow
862	ENSG00000112419	black
863	ENSG00000112562	darkturquoise
864	ENSG00000112576	lightgreen
865	ENSG00000112655	greenyellow
866	ENSG00000112695	blue
867	ENSG00000112697	black
868	ENSG00000112699	lightgreen
869	ENSG00000112715	steelblue
870	ENSG00000112761	darkturquoise
871	ENSG00000112769	brown
872	ENSG00000112773	grey
873	ENSG00000112851	black
874	ENSG00000112977	brown
875	ENSG00000113013	black
876	ENSG00000113083	steelblue
877	ENSG00000113140	darkturquoise
878	ENSG00000113141	grey60
879	ENSG00000113194	darkmagenta
880	ENSG00000113273	steelblue
881	ENSG00000113312	darkmagenta
882	ENSG00000113328	black
883	ENSG00000113369	black
884	ENSG00000113384	black
885	ENSG00000113387	blue
886	ENSG00000113389	steelblue
887	ENSG00000113407	black
888	ENSG00000113460	darkturquoise
889	ENSG00000113578	darkmagenta
890	ENSG00000113580	black
891	ENSG00000113583	black
892	ENSG00000113621	blue
893	ENSG00000113643	black
894	ENSG00000113648	black
895	ENSG00000113657	white
896	ENSG00000113712	black
897	ENSG00000113719	green
898	ENSG00000113721	green
899	ENSG00000113732	blue
900	ENSG00000113739	midnightblue
901	ENSG00000113742	darkmagenta
902	ENSG00000113758	darkorange
903	ENSG00000113810	black
904	ENSG00000113845	blue
905	ENSG00000113916	brown
906	ENSG00000114019	lightyellow
907	ENSG00000114023	blue
908	ENSG00000114125	blue
909	ENSG00000114126	darkmagenta
910	ENSG00000114209	darkturquoise
911	ENSG00000114251	steelblue
912	ENSG00000114270	green
913	ENSG00000114302	darkmagenta
914	ENSG00000114315	steelblue
915	ENSG00000114353	cyan
916	ENSG00000114354	black
917	ENSG00000114391	blue
918	ENSG00000114416	black
919	ENSG00000114439	darkmagenta
920	ENSG00000114446	darkturquoise
921	ENSG00000114480	darkturquoise
922	ENSG00000114503	black
923	ENSG00000114554	green
924	ENSG00000114573	black
925	ENSG00000114686	black
926	ENSG00000114796	darkmagenta
927	ENSG00000114850	black
928	ENSG00000114853	lightgreen
929	ENSG00000114861	darkmagenta
930	ENSG00000114867	grey60
931	ENSG00000114902	blue
932	ENSG00000114978	black
933	ENSG00000114999	black
934	ENSG00000115053	black
935	ENSG00000115091	black
936	ENSG00000115107	brown
937	ENSG00000115128	blue
938	ENSG00000115211	darkmagenta
939	ENSG00000115216	black
940	ENSG00000115233	darkturquoise
941	ENSG00000115234	darkorange
942	ENSG00000115241	grey60
943	ENSG00000115267	midnightblue
944	ENSG00000115268	darkturquoise
945	ENSG00000115306	green
946	ENSG00000115307	midnightblue
947	ENSG00000115310	darkmagenta
948	ENSG00000115318	midnightblue
949	ENSG00000115325	lightgreen
950	ENSG00000115380	lightyellow
951	ENSG00000115414	brown
952	ENSG00000115415	black
953	ENSG00000115419	darkturquoise
954	ENSG00000115457	green
955	ENSG00000115461	grey
956	ENSG00000115484	darkturquoise
957	ENSG00000115504	black
958	ENSG00000115524	black
959	ENSG00000115561	darkturquoise
960	ENSG00000115594	black
961	ENSG00000115641	steelblue
962	ENSG00000115652	blue
963	ENSG00000115677	brown
964	ENSG00000115738	pink
965	ENSG00000115758	darkturquoise
966	ENSG00000115806	black
967	ENSG00000115866	darkturquoise
968	ENSG00000115875	darkturquoise
969	ENSG00000115935	brown
970	ENSG00000115944	darkturquoise
971	ENSG00000115963	black
972	ENSG00000115977	darkmagenta
973	ENSG00000115993	black
974	ENSG00000116005	darkmagenta
975	ENSG00000116016	lightyellow
976	ENSG00000116030	black
977	ENSG00000116044	black
978	ENSG00000116117	darkmagenta
979	ENSG00000116120	darkturquoise
980	ENSG00000116132	darkmagenta
981	ENSG00000116133	green
982	ENSG00000116161	darkturquoise
983	ENSG00000116171	black
984	ENSG00000116199	green
985	ENSG00000116209	blue
986	ENSG00000116221	grey
987	ENSG00000116237	steelblue
988	ENSG00000116251	black
989	ENSG00000116260	grey60
990	ENSG00000116285	steelblue
991	ENSG00000116288	blue
992	ENSG00000116459	darkturquoise
993	ENSG00000116489	black
994	ENSG00000116560	brown
995	ENSG00000116580	darkmagenta
996	ENSG00000116649	green
997	ENSG00000116678	lightyellow
998	ENSG00000116679	black
999	ENSG00000116690	green
1000	ENSG00000116711	black
1001	ENSG00000116729	greenyellow
1002	ENSG00000116754	darkmagenta
1003	ENSG00000116774	darkorange
1004	ENSG00000116786	darkorange
1005	ENSG00000116871	white
1006	ENSG00000116898	blue
1007	ENSG00000116906	black
1008	ENSG00000116918	darkmagenta
1009	ENSG00000116962	green
1010	ENSG00000117118	black
1011	ENSG00000117143	darkturquoise
1012	ENSG00000117152	darkturquoise
1013	ENSG00000117222	darkmagenta
1014	ENSG00000117226	black
1015	ENSG00000117228	darkturquoise
1016	ENSG00000117280	darkmagenta
1017	ENSG00000117298	darkorange
1018	ENSG00000117335	black
1019	ENSG00000117362	darkturquoise
1020	ENSG00000117385	grey
1021	ENSG00000117394	pink
1022	ENSG00000117395	darkturquoise
1023	ENSG00000117410	blue
1024	ENSG00000117411	cyan
1025	ENSG00000117450	blue
1026	ENSG00000117519	darkturquoise
1027	ENSG00000117523	darkmagenta
1028	ENSG00000117592	blue
1029	ENSG00000117594	pink
1030	ENSG00000117614	darkmagenta
1031	ENSG00000117632	steelblue
1032	ENSG00000117691	blue
1033	ENSG00000117748	blue
1034	ENSG00000117868	brown
1035	ENSG00000117899	darkmagenta
1036	ENSG00000117906	darkturquoise
1037	ENSG00000117984	darkmagenta
1038	ENSG00000118217	darkmagenta
1039	ENSG00000118257	white
1040	ENSG00000118508	blue
1041	ENSG00000118515	darkturquoise
1042	ENSG00000118523	lightyellow
1043	ENSG00000118564	black
1044	ENSG00000118680	blue
1045	ENSG00000118689	white
1046	ENSG00000118762	lightyellow
1047	ENSG00000118816	grey
1048	ENSG00000118855	black
1049	ENSG00000118873	darkmagenta
1050	ENSG00000118898	green
1051	ENSG00000118900	darkmagenta
1052	ENSG00000118985	black
1053	ENSG00000119004	darkmagenta
1054	ENSG00000119013	blue
1055	ENSG00000119147	green
1056	ENSG00000119185	steelblue
1057	ENSG00000119280	darkturquoise
1058	ENSG00000119318	black
1059	ENSG00000119326	steelblue
1060	ENSG00000119333	cyan
1061	ENSG00000119335	black
1062	ENSG00000119383	darkmagenta
1063	ENSG00000119396	black
1064	ENSG00000119421	blue
1065	ENSG00000119487	black
1066	ENSG00000119596	darkmagenta
1067	ENSG00000119655	blue
1068	ENSG00000119681	green
1069	ENSG00000119689	brown
1070	ENSG00000119705	blue
1071	ENSG00000119707	darkmagenta
1072	ENSG00000119720	darkmagenta
1073	ENSG00000119777	grey
1074	ENSG00000119801	steelblue
1075	ENSG00000119820	darkmagenta
1076	ENSG00000119899	darkmagenta
1077	ENSG00000119917	midnightblue
1078	ENSG00000119922	midnightblue
1079	ENSG00000119938	darkturquoise
1080	ENSG00000120129	lightyellow
1081	ENSG00000120265	darkturquoise
1082	ENSG00000120438	black
1083	ENSG00000120533	darkturquoise
1084	ENSG00000120594	black
1085	ENSG00000120675	darkturquoise
1086	ENSG00000120686	black
1087	ENSG00000120688	darkmagenta
1088	ENSG00000120694	black
1089	ENSG00000120697	darkturquoise
1090	ENSG00000120705	black
1091	ENSG00000120708	white
1092	ENSG00000120725	darkmagenta
1093	ENSG00000120738	steelblue
1094	ENSG00000120742	darkturquoise
1095	ENSG00000120805	darkturquoise
1096	ENSG00000120820	brown
1097	ENSG00000120875	darkmagenta
1098	ENSG00000120885	grey
1099	ENSG00000120896	darkorange
1100	ENSG00000120899	green
1101	ENSG00000120913	lightgreen
1102	ENSG00000120948	black
1103	ENSG00000121022	darkturquoise
1104	ENSG00000121039	steelblue
1105	ENSG00000121060	midnightblue
1106	ENSG00000121064	black
1107	ENSG00000121067	darkmagenta
1108	ENSG00000121068	greenyellow
1109	ENSG00000121578	darkturquoise
1110	ENSG00000121579	black
1111	ENSG00000121691	green
1112	ENSG00000121766	darkmagenta
1113	ENSG00000121769	grey
1114	ENSG00000121774	black
1115	ENSG00000121851	darkmagenta
1116	ENSG00000121892	black
1117	ENSG00000121898	grey
1118	ENSG00000122034	blue
1119	ENSG00000122042	black
1120	ENSG00000122068	black
1121	ENSG00000122176	lightgreen
1122	ENSG00000122203	black
1123	ENSG00000122218	white
1124	ENSG00000122257	darkmagenta
1125	ENSG00000122359	lightgreen
1126	ENSG00000122406	blue
1127	ENSG00000122420	steelblue
1128	ENSG00000122545	black
1129	ENSG00000122565	darkturquoise
1130	ENSG00000122566	black
1131	ENSG00000122591	black
1132	ENSG00000122641	blue
1133	ENSG00000122642	brown
1134	ENSG00000122694	blue
1135	ENSG00000122705	blue
1136	ENSG00000122707	green
1137	ENSG00000122729	steelblue
1138	ENSG00000122786	darkmagenta
1139	ENSG00000122861	blue
1140	ENSG00000122862	darkturquoise
1141	ENSG00000122863	brown
1142	ENSG00000122870	black
1143	ENSG00000122884	darkturquoise
1144	ENSG00000123091	black
1145	ENSG00000123131	blue
1146	ENSG00000123136	greenyellow
1147	ENSG00000123143	cyan
1148	ENSG00000123144	cyan
1149	ENSG00000123159	lightgreen
1150	ENSG00000123200	darkmagenta
1151	ENSG00000123240	grey60
1152	ENSG00000123384	green
1153	ENSG00000123416	black
1154	ENSG00000123505	black
1155	ENSG00000123562	black
1156	ENSG00000123610	midnightblue
1157	ENSG00000123737	darkturquoise
1158	ENSG00000123933	green
1159	ENSG00000123989	darkorange
1160	ENSG00000123992	darkmagenta
1161	ENSG00000124067	darkmagenta
1162	ENSG00000124098	darkmagenta
1163	ENSG00000124104	darkorange
1164	ENSG00000124107	pink
1165	ENSG00000124145	lightyellow
1166	ENSG00000124155	darkorange
1167	ENSG00000124172	blue
1168	ENSG00000124177	darkmagenta
1169	ENSG00000124181	brown
1170	ENSG00000124193	black
1171	ENSG00000124201	darkmagenta
1172	ENSG00000124207	darkturquoise
1173	ENSG00000124212	steelblue
1174	ENSG00000124214	black
1175	ENSG00000124225	white
1176	ENSG00000124226	blue
1177	ENSG00000124228	darkmagenta
1178	ENSG00000124356	darkmagenta
1179	ENSG00000124380	darkmagenta
1180	ENSG00000124422	brown
1181	ENSG00000124486	black
1182	ENSG00000124541	darkmagenta
1183	ENSG00000124562	blue
1184	ENSG00000124570	grey
1185	ENSG00000124588	blue
1186	ENSG00000124733	blue
1187	ENSG00000124762	grey60
1188	ENSG00000124766	darkmagenta
1189	ENSG00000124767	darkturquoise
1190	ENSG00000124783	black
1191	ENSG00000124784	darkmagenta
1192	ENSG00000124785	greenyellow
1193	ENSG00000124795	grey60
1194	ENSG00000124831	darkmagenta
1195	ENSG00000124875	white
1196	ENSG00000124942	brown
1197	ENSG00000125037	cyan
1198	ENSG00000125107	black
1199	ENSG00000125148	cyan
1200	ENSG00000125304	black
1201	ENSG00000125351	darkmagenta
1202	ENSG00000125356	blue
1203	ENSG00000125378	lightyellow
1204	ENSG00000125520	lightgreen
1205	ENSG00000125534	darkorange
1206	ENSG00000125629	darkturquoise
1207	ENSG00000125651	darkmagenta
1208	ENSG00000125676	darkmagenta
1209	ENSG00000125691	blue
1210	ENSG00000125730	darkmagenta
1211	ENSG00000125740	grey60
1212	ENSG00000125743	blue
1213	ENSG00000125753	greenyellow
1214	ENSG00000125779	darkmagenta
1215	ENSG00000125817	darkorange
1216	ENSG00000125826	blue
1217	ENSG00000125827	steelblue
1218	ENSG00000125835	blue
1219	ENSG00000125844	darkmagenta
1220	ENSG00000125868	darkturquoise
1221	ENSG00000125870	white
1222	ENSG00000125912	cyan
1223	ENSG00000125965	grey
1224	ENSG00000125968	lightyellow
1225	ENSG00000125970	lightgreen
1226	ENSG00000125977	white
1227	ENSG00000125991	lightgreen
1228	ENSG00000125995	blue
1229	ENSG00000126005	lightgreen
1230	ENSG00000126067	darkmagenta
1231	ENSG00000126088	cyan
1232	ENSG00000126247	darkorange
1233	ENSG00000126261	black
1234	ENSG00000126267	cyan
1235	ENSG00000126432	cyan
1236	ENSG00000126457	steelblue
1237	ENSG00000126458	darkorange
1238	ENSG00000126461	grey60
1239	ENSG00000126524	darkturquoise
1240	ENSG00000126653	darkmagenta
1241	ENSG00000126698	black
1242	ENSG00000126709	midnightblue
1243	ENSG00000126777	white
1244	ENSG00000126778	green
1245	ENSG00000126870	darkmagenta
1246	ENSG00000126934	darkorange
1247	ENSG00000126945	black
1248	ENSG00000127184	blue
1249	ENSG00000127314	black
1250	ENSG00000127418	green
1251	ENSG00000127445	cyan
1252	ENSG00000127463	greenyellow
1253	ENSG00000127481	darkmagenta
1254	ENSG00000127483	black
1255	ENSG00000127526	darkmagenta
1256	ENSG00000127528	darkorange
1257	ENSG00000127540	darkmagenta
1258	ENSG00000127603	white
1259	ENSG00000127616	darkmagenta
1260	ENSG00000127804	darkmagenta
1261	ENSG00000127884	blue
1262	ENSG00000127914	white
1263	ENSG00000127920	blue
1264	ENSG00000127922	blue
1265	ENSG00000127951	blue
1266	ENSG00000127954	green
1267	ENSG00000127990	pink
1268	ENSG00000128016	lightyellow
1269	ENSG00000128245	blue
1270	ENSG00000128272	darkturquoise
1271	ENSG00000128274	darkorange
1272	ENSG00000128283	darkorange
1273	ENSG00000128284	midnightblue
1274	ENSG00000128335	darkmagenta
1275	ENSG00000128342	grey
1276	ENSG00000128463	darkturquoise
1277	ENSG00000128510	lightyellow
1278	ENSG00000128524	grey60
1279	ENSG00000128585	darkmagenta
1280	ENSG00000128591	darkmagenta
1281	ENSG00000128595	darkmagenta
1282	ENSG00000128596	darkmagenta
1283	ENSG00000128609	darkturquoise
1284	ENSG00000128641	black
1285	ENSG00000128791	black
1286	ENSG00000128805	greenyellow
1287	ENSG00000128829	darkmagenta
1288	ENSG00000128908	grey60
1289	ENSG00000128923	darkmagenta
1290	ENSG00000128951	darkturquoise
1291	ENSG00000128989	black
1292	ENSG00000129038	lightgreen
1293	ENSG00000129055	darkturquoise
1294	ENSG00000129083	black
1295	ENSG00000129103	brown
1296	ENSG00000129116	lightyellow
1297	ENSG00000129128	darkturquoise
1298	ENSG00000129187	darkturquoise
1299	ENSG00000129235	blue
1300	ENSG00000129250	darkorange
1301	ENSG00000129292	white
1302	ENSG00000129351	white
1303	ENSG00000129353	darkorange
1304	ENSG00000129515	black
1305	ENSG00000129562	darkturquoise
1306	ENSG00000129625	blue
1307	ENSG00000129680	darkmagenta
1308	ENSG00000130005	cyan
1309	ENSG00000130066	black
1310	ENSG00000130119	darkmagenta
1311	ENSG00000130175	darkorange
1312	ENSG00000130177	darkturquoise
1313	ENSG00000130202	darkmagenta
1314	ENSG00000130254	darkmagenta
1315	ENSG00000130255	blue
1316	ENSG00000130309	grey60
1317	ENSG00000130340	black
1318	ENSG00000130363	darkmagenta
1319	ENSG00000130382	darkorange
1320	ENSG00000130396	darkmagenta
1321	ENSG00000130508	lightgreen
1322	ENSG00000130513	grey60
1323	ENSG00000130517	darkmagenta
1324	ENSG00000130520	blue
1325	ENSG00000130589	midnightblue
1326	ENSG00000130635	grey
1327	ENSG00000130638	steelblue
1328	ENSG00000130706	cyan
1329	ENSG00000130707	greenyellow
1330	ENSG00000130724	cyan
1331	ENSG00000130725	darkmagenta
1332	ENSG00000130726	lightgreen
1333	ENSG00000130731	darkmagenta
1334	ENSG00000130741	black
1335	ENSG00000130779	darkmagenta
1336	ENSG00000130811	blue
1337	ENSG00000130813	midnightblue
1338	ENSG00000130816	darkmagenta
1339	ENSG00000130826	darkmagenta
1340	ENSG00000130827	green
1341	ENSG00000130921	darkmagenta
1342	ENSG00000130985	grey
1343	ENSG00000131016	grey
1344	ENSG00000131018	brown
1345	ENSG00000131051	darkmagenta
1346	ENSG00000131100	blue
1347	ENSG00000131143	blue
1348	ENSG00000131165	cyan
1349	ENSG00000131171	black
1350	ENSG00000131174	blue
1351	ENSG00000131236	darkturquoise
1352	ENSG00000131238	black
1353	ENSG00000131378	brown
1354	ENSG00000131386	white
1355	ENSG00000131389	steelblue
1356	ENSG00000131437	darkmagenta
1357	ENSG00000131446	darkorange
1358	ENSG00000131459	white
1359	ENSG00000131467	black
1360	ENSG00000131469	blue
1361	ENSG00000131473	brown
1362	ENSG00000131475	darkturquoise
1363	ENSG00000131504	brown
1364	ENSG00000131507	darkturquoise
1365	ENSG00000131508	darkturquoise
1366	ENSG00000131653	green
1367	ENSG00000131668	darkorange
1368	ENSG00000131711	darkmagenta
1369	ENSG00000131724	black
1370	ENSG00000131747	steelblue
1371	ENSG00000131828	darkturquoise
1372	ENSG00000131871	darkturquoise
1373	ENSG00000131966	darkturquoise
1374	ENSG00000131981	blue
1375	ENSG00000132002	steelblue
1376	ENSG00000132274	midnightblue
1377	ENSG00000132305	black
1378	ENSG00000132329	grey60
1379	ENSG00000132341	darkturquoise
1380	ENSG00000132383	black
1381	ENSG00000132386	grey
1382	ENSG00000132424	white
1383	ENSG00000132432	blue
1384	ENSG00000132463	black
1385	ENSG00000132466	darkmagenta
1386	ENSG00000132471	green
1387	ENSG00000132475	darkturquoise
1388	ENSG00000132581	blue
1389	ENSG00000132612	cyan
1390	ENSG00000132646	darkturquoise
1391	ENSG00000132669	brown
1392	ENSG00000132670	black
1393	ENSG00000132676	black
1394	ENSG00000132718	lightyellow
1395	ENSG00000132780	black
1396	ENSG00000132824	brown
1397	ENSG00000132963	blue
1398	ENSG00000132970	darkmagenta
1399	ENSG00000133026	darkmagenta
1400	ENSG00000133030	brown
1401	ENSG00000133048	grey
1402	ENSG00000133059	darkmagenta
1403	ENSG00000133104	black
1404	ENSG00000133106	midnightblue
1405	ENSG00000133110	black
1406	ENSG00000133112	blue
1407	ENSG00000133226	darkmagenta
1408	ENSG00000133243	darkorange
1409	ENSG00000133318	blue
1410	ENSG00000133321	blue
1411	ENSG00000133639	pink
1412	ENSG00000133657	black
1413	ENSG00000133687	green
1414	ENSG00000133706	black
1415	ENSG00000133816	black
1416	ENSG00000133858	darkmagenta
1417	ENSG00000133872	darkturquoise
1418	ENSG00000134001	black
1419	ENSG00000134013	grey
1420	ENSG00000134046	black
1421	ENSG00000134057	steelblue
1422	ENSG00000134086	darkmagenta
1423	ENSG00000134107	steelblue
1424	ENSG00000134109	black
1425	ENSG00000134153	darkturquoise
1426	ENSG00000134186	darkmagenta
1427	ENSG00000134202	blue
1428	ENSG00000134243	green
1429	ENSG00000134247	pink
1430	ENSG00000134248	blue
1431	ENSG00000134250	brown
1432	ENSG00000134285	blue
1433	ENSG00000134291	blue
1434	ENSG00000134294	black
1435	ENSG00000134308	black
1436	ENSG00000134313	black
1437	ENSG00000134318	darkmagenta
1438	ENSG00000134352	black
1439	ENSG00000134363	grey60
1440	ENSG00000134369	darkmagenta
1441	ENSG00000134375	darkturquoise
1442	ENSG00000134419	darkturquoise
1443	ENSG00000134440	black
1444	ENSG00000134508	grey
1445	ENSG00000134531	green
1446	ENSG00000134533	black
1447	ENSG00000134548	grey
1448	ENSG00000134574	grey60
1449	ENSG00000134575	darkmagenta
1450	ENSG00000134590	darkorange
1451	ENSG00000134597	darkmagenta
1452	ENSG00000134684	darkturquoise
1453	ENSG00000134686	greenyellow
1454	ENSG00000134697	black
1455	ENSG00000134717	black
1456	ENSG00000134779	lightyellow
1457	ENSG00000134809	darkturquoise
1458	ENSG00000134824	green
1459	ENSG00000134825	blue
1460	ENSG00000134851	darkturquoise
1461	ENSG00000134853	black
1462	ENSG00000134871	darkturquoise
1463	ENSG00000134882	blue
1464	ENSG00000134884	black
1465	ENSG00000134897	darkmagenta
1466	ENSG00000134910	black
1467	ENSG00000134954	black
1468	ENSG00000134986	black
1469	ENSG00000135018	black
1470	ENSG00000135046	darkturquoise
1471	ENSG00000135047	greenyellow
1472	ENSG00000135052	black
1473	ENSG00000135069	darkturquoise
1474	ENSG00000135245	white
1475	ENSG00000135269	darkturquoise
1476	ENSG00000135272	black
1477	ENSG00000135318	darkturquoise
1478	ENSG00000135387	black
1479	ENSG00000135390	blue
1480	ENSG00000135404	blue
1481	ENSG00000135424	lightyellow
1482	ENSG00000135446	black
1483	ENSG00000135480	darkmagenta
1484	ENSG00000135486	black
1485	ENSG00000135506	brown
1486	ENSG00000135535	black
1487	ENSG00000135624	darkturquoise
1488	ENSG00000135631	darkorange
1489	ENSG00000135677	brown
1490	ENSG00000135678	darkorange
1491	ENSG00000135686	darkmagenta
1492	ENSG00000135720	white
1493	ENSG00000135744	pink
1494	ENSG00000135821	green
1495	ENSG00000135829	black
1496	ENSG00000135862	green
1497	ENSG00000135899	darkmagenta
1498	ENSG00000135916	brown
1499	ENSG00000135919	grey
1500	ENSG00000135924	darkorange
1501	ENSG00000135926	green
1502	ENSG00000135929	grey
1503	ENSG00000135930	darkturquoise
1504	ENSG00000135931	white
1505	ENSG00000136003	blue
1506	ENSG00000136010	black
1507	ENSG00000136026	darkmagenta
1508	ENSG00000136044	black
1509	ENSG00000136045	darkturquoise
1510	ENSG00000136048	steelblue
1511	ENSG00000136068	green
1512	ENSG00000136153	darkmagenta
1513	ENSG00000136156	green
1514	ENSG00000136193	black
1515	ENSG00000136205	brown
1516	ENSG00000136213	darkmagenta
1517	ENSG00000136235	grey
1518	ENSG00000136238	blue
1519	ENSG00000136240	blue
1520	ENSG00000136244	grey
1521	ENSG00000136279	darkmagenta
1522	ENSG00000136295	lightgreen
1523	ENSG00000136378	green
1524	ENSG00000136448	darkmagenta
1525	ENSG00000136485	darkmagenta
1526	ENSG00000136522	darkturquoise
1527	ENSG00000136527	darkturquoise
1528	ENSG00000136542	darkturquoise
1529	ENSG00000136628	darkmagenta
1530	ENSG00000136732	cyan
1531	ENSG00000136758	black
1532	ENSG00000136770	midnightblue
1533	ENSG00000136810	blue
1534	ENSG00000136813	black
1535	ENSG00000136819	darkmagenta
1536	ENSG00000136826	lightyellow
1537	ENSG00000136827	darkturquoise
1538	ENSG00000136830	green
1539	ENSG00000136840	darkmagenta
1540	ENSG00000136859	green
1541	ENSG00000136868	darkmagenta
1542	ENSG00000136888	darkturquoise
1543	ENSG00000136908	darkmagenta
1544	ENSG00000136930	grey
1545	ENSG00000136938	grey
1546	ENSG00000136942	blue
1547	ENSG00000136960	white
1548	ENSG00000136999	lightyellow
1549	ENSG00000137076	green
1550	ENSG00000137100	blue
1551	ENSG00000137106	blue
1552	ENSG00000137124	blue
1553	ENSG00000137154	blue
1554	ENSG00000137161	darkmagenta
1555	ENSG00000137177	black
1556	ENSG00000137207	lightgreen
1557	ENSG00000137210	darkturquoise
1558	ENSG00000137288	blue
1559	ENSG00000137309	greenyellow
1560	ENSG00000137364	darkmagenta
1561	ENSG00000137409	darkorange
1562	ENSG00000137509	green
1563	ENSG00000137547	darkturquoise
1564	ENSG00000137573	black
1565	ENSG00000137575	black
1566	ENSG00000137692	darkturquoise
1567	ENSG00000137693	darkmagenta
1568	ENSG00000137710	darkmagenta
1569	ENSG00000137767	blue
1570	ENSG00000137776	white
1571	ENSG00000137801	lightyellow
1572	ENSG00000137809	brown
1573	ENSG00000137815	darkmagenta
1574	ENSG00000137818	blue
1575	ENSG00000137819	darkmagenta
1576	ENSG00000137831	black
1577	ENSG00000137834	lightgreen
1578	ENSG00000137845	black
1579	ENSG00000137876	darkturquoise
1580	ENSG00000137955	darkturquoise
1581	ENSG00000137959	midnightblue
1582	ENSG00000137962	black
1583	ENSG00000137965	midnightblue
1584	ENSG00000138029	brown
1585	ENSG00000138061	grey
1586	ENSG00000138069	darkturquoise
1587	ENSG00000138071	black
1588	ENSG00000138080	lightgreen
1589	ENSG00000138085	blue
1590	ENSG00000138095	black
1591	ENSG00000138107	grey
1592	ENSG00000138119	brown
1593	ENSG00000138131	darkmagenta
1594	ENSG00000138166	pink
1595	ENSG00000138207	pink
1596	ENSG00000138246	black
1597	ENSG00000138279	black
1598	ENSG00000138326	blue
1599	ENSG00000138356	green
1600	ENSG00000138385	darkturquoise
1601	ENSG00000138398	darkmagenta
1602	ENSG00000138413	black
1603	ENSG00000138430	darkturquoise
1604	ENSG00000138433	darkmagenta
1605	ENSG00000138434	black
1606	ENSG00000138448	black
1607	ENSG00000138449	brown
1608	ENSG00000138496	midnightblue
1609	ENSG00000138592	darkmagenta
1610	ENSG00000138642	midnightblue
1611	ENSG00000138668	darkturquoise
1612	ENSG00000138674	black
1613	ENSG00000138685	blue
1614	ENSG00000138735	lightyellow
1615	ENSG00000138757	black
1616	ENSG00000138758	darkmagenta
1617	ENSG00000138760	black
1618	ENSG00000138768	black
1619	ENSG00000138777	darkturquoise
1620	ENSG00000138801	black
1621	ENSG00000138814	black
1622	ENSG00000138821	steelblue
1623	ENSG00000138835	cyan
1624	ENSG00000138944	darkturquoise
1625	ENSG00000139112	green
1626	ENSG00000139168	darkmagenta
1627	ENSG00000139218	white
1628	ENSG00000139266	darkmagenta
1629	ENSG00000139278	darkturquoise
1630	ENSG00000139289	grey
1631	ENSG00000139318	greenyellow
1632	ENSG00000139329	black
1633	ENSG00000139343	blue
1634	ENSG00000139433	darkmagenta
1635	ENSG00000139579	darkmagenta
1636	ENSG00000139629	darkmagenta
1637	ENSG00000139641	green
1638	ENSG00000139644	darkturquoise
1639	ENSG00000139684	darkturquoise
1640	ENSG00000139726	black
1641	ENSG00000139910	darkmagenta
1642	ENSG00000139921	black
1643	ENSG00000139926	black
1644	ENSG00000140044	blue
1645	ENSG00000140092	grey
1646	ENSG00000140105	midnightblue
1647	ENSG00000140262	black
1648	ENSG00000140264	blue
1649	ENSG00000140285	steelblue
1650	ENSG00000140299	black
1651	ENSG00000140307	darkturquoise
1652	ENSG00000140319	darkturquoise
1653	ENSG00000140350	darkturquoise
1654	ENSG00000140367	darkmagenta
1655	ENSG00000140374	darkturquoise
1656	ENSG00000140391	lightyellow
1657	ENSG00000140416	white
1658	ENSG00000140464	white
1659	ENSG00000140526	brown
1660	ENSG00000140545	darkorange
1661	ENSG00000140553	darkorange
1662	ENSG00000140564	green
1663	ENSG00000140575	brown
1664	ENSG00000140612	darkturquoise
1665	ENSG00000140740	black
1666	ENSG00000140937	black
1667	ENSG00000140941	darkturquoise
1668	ENSG00000140943	brown
1669	ENSG00000140945	steelblue
1670	ENSG00000141002	darkmagenta
1671	ENSG00000141027	darkmagenta
1672	ENSG00000141052	grey60
1673	ENSG00000141232	green
1674	ENSG00000141367	brown
1675	ENSG00000141380	black
1676	ENSG00000141424	black
1677	ENSG00000141429	darkturquoise
1678	ENSG00000141456	darkmagenta
1679	ENSG00000141469	greenyellow
1680	ENSG00000141503	green
1681	ENSG00000141522	green
1682	ENSG00000141526	darkmagenta
1683	ENSG00000141552	blue
1684	ENSG00000141574	white
1685	ENSG00000141580	darkturquoise
1686	ENSG00000141696	darkmagenta
1687	ENSG00000141736	green
1688	ENSG00000141753	darkmagenta
1689	ENSG00000141756	green
1690	ENSG00000141759	blue
1691	ENSG00000141867	darkmagenta
1692	ENSG00000141905	darkmagenta
1693	ENSG00000141959	darkmagenta
1694	ENSG00000141985	lightgreen
1695	ENSG00000142002	darkmagenta
1696	ENSG00000142156	green
1697	ENSG00000142168	blue
1698	ENSG00000142173	green
1699	ENSG00000142192	brown
1700	ENSG00000142208	green
1701	ENSG00000142227	darkmagenta
1702	ENSG00000142230	darkturquoise
1703	ENSG00000142507	blue
1704	ENSG00000142534	blue
1705	ENSG00000142541	black
1706	ENSG00000142552	darkmagenta
1707	ENSG00000142634	lightgreen
1708	ENSG00000142657	pink
1709	ENSG00000142669	lightgreen
1710	ENSG00000142676	blue
1711	ENSG00000142687	darkmagenta
1712	ENSG00000142798	green
1713	ENSG00000142864	black
1714	ENSG00000142871	lightyellow
1715	ENSG00000142937	blue
1716	ENSG00000142949	darkmagenta
1717	ENSG00000143013	pink
1718	ENSG00000143106	blue
1719	ENSG00000143127	brown
1720	ENSG00000143149	brown
1721	ENSG00000143153	steelblue
1722	ENSG00000143162	blue
1723	ENSG00000143164	black
1724	ENSG00000143183	white
1725	ENSG00000143198	blue
1726	ENSG00000143222	blue
1727	ENSG00000143248	darkturquoise
1728	ENSG00000143252	black
1729	ENSG00000143314	blue
1730	ENSG00000143315	darkmagenta
1731	ENSG00000143320	grey60
1732	ENSG00000143321	greenyellow
1733	ENSG00000143322	darkmagenta
1734	ENSG00000143333	white
1735	ENSG00000143337	black
1736	ENSG00000143369	darkmagenta
1737	ENSG00000143382	green
1738	ENSG00000143384	black
1739	ENSG00000143387	grey
1740	ENSG00000143401	darkmagenta
1741	ENSG00000143416	green
1742	ENSG00000143418	black
1743	ENSG00000143420	darkturquoise
1744	ENSG00000143515	brown
1745	ENSG00000143537	green
1746	ENSG00000143543	cyan
1747	ENSG00000143545	darkmagenta
1748	ENSG00000143549	black
1749	ENSG00000143569	brown
1750	ENSG00000143575	darkturquoise
1751	ENSG00000143612	darkturquoise
1752	ENSG00000143621	darkturquoise
1753	ENSG00000143641	green
1754	ENSG00000143653	darkturquoise
1755	ENSG00000143727	darkturquoise
1756	ENSG00000143742	black
1757	ENSG00000143753	darkturquoise
1758	ENSG00000143761	greenyellow
1759	ENSG00000143771	blue
1760	ENSG00000143774	blue
1761	ENSG00000143793	darkmagenta
1762	ENSG00000143819	darkorange
1763	ENSG00000143870	darkturquoise
1764	ENSG00000143878	lightyellow
1765	ENSG00000143891	darkmagenta
1766	ENSG00000143933	blue
1767	ENSG00000143947	blue
1768	ENSG00000143977	darkturquoise
1769	ENSG00000144028	brown
1770	ENSG00000144043	brown
1771	ENSG00000144115	darkmagenta
1772	ENSG00000144118	darkturquoise
1773	ENSG00000144136	greenyellow
1774	ENSG00000144224	darkmagenta
1775	ENSG00000144283	darkmagenta
1776	ENSG00000144320	darkmagenta
1777	ENSG00000144381	black
1778	ENSG00000144455	blue
1779	ENSG00000144476	pink
1780	ENSG00000144567	grey
1781	ENSG00000144579	darkorange
1782	ENSG00000144580	black
1783	ENSG00000144591	cyan
1784	ENSG00000144674	black
1785	ENSG00000144713	blue
1786	ENSG00000144746	brown
1787	ENSG00000144802	lightyellow
1788	ENSG00000144810	steelblue
1789	ENSG00000144815	darkmagenta
1790	ENSG00000144857	brown
1791	ENSG00000144867	blue
1792	ENSG00000144895	black
1793	ENSG00000145012	white
1794	ENSG00000145050	blue
1795	ENSG00000145220	darkmagenta
1796	ENSG00000145349	black
1797	ENSG00000145390	darkmagenta
1798	ENSG00000145391	black
1799	ENSG00000145431	black
1800	ENSG00000145494	darkmagenta
1801	ENSG00000145555	darkmagenta
1802	ENSG00000145592	blue
1803	ENSG00000145623	brown
1804	ENSG00000145632	darkturquoise
1805	ENSG00000145675	brown
1806	ENSG00000145681	black
1807	ENSG00000145685	black
1808	ENSG00000145730	black
1809	ENSG00000145741	darkturquoise
1810	ENSG00000145782	darkmagenta
1811	ENSG00000145817	darkmagenta
1812	ENSG00000145833	darkmagenta
1813	ENSG00000145860	darkmagenta
1814	ENSG00000145901	cyan
1815	ENSG00000145907	black
1816	ENSG00000146007	darkmagenta
1817	ENSG00000146197	lightyellow
1818	ENSG00000146223	darkmagenta
1819	ENSG00000146247	darkmagenta
1820	ENSG00000146374	darkmagenta
1821	ENSG00000146411	blue
1822	ENSG00000146425	blue
1823	ENSG00000146457	black
1824	ENSG00000146535	brown
1825	ENSG00000146674	grey
1826	ENSG00000146701	lightgreen
1827	ENSG00000146731	black
1828	ENSG00000146909	darkmagenta
1829	ENSG00000147065	brown
1830	ENSG00000147123	cyan
1831	ENSG00000147140	black
1832	ENSG00000147162	black
1833	ENSG00000147274	black
1834	ENSG00000147403	black
1835	ENSG00000147408	black
1836	ENSG00000147416	black
1837	ENSG00000147419	darkmagenta
1838	ENSG00000147454	darkmagenta
1839	ENSG00000147526	darkmagenta
1840	ENSG00000147649	darkmagenta
1841	ENSG00000147669	darkturquoise
1842	ENSG00000147677	blue
1843	ENSG00000147684	darkturquoise
1844	ENSG00000147853	black
1845	ENSG00000147854	black
1846	ENSG00000147872	blue
1847	ENSG00000148053	brown
1848	ENSG00000148120	darkturquoise
1849	ENSG00000148153	darkmagenta
1850	ENSG00000148154	darkturquoise
1851	ENSG00000148175	blue
1852	ENSG00000148180	green
1853	ENSG00000148229	darkturquoise
1854	ENSG00000148337	brown
1855	ENSG00000148344	darkmagenta
1856	ENSG00000148358	white
1857	ENSG00000148484	black
1858	ENSG00000148498	darkmagenta
1859	ENSG00000148516	darkmagenta
1860	ENSG00000148634	darkturquoise
1861	ENSG00000148672	black
1862	ENSG00000148700	black
1863	ENSG00000148730	black
1864	ENSG00000148737	darkmagenta
1865	ENSG00000148834	blue
1866	ENSG00000148843	darkmagenta
1867	ENSG00000148848	grey60
1868	ENSG00000148926	pink
1869	ENSG00000149090	green
1870	ENSG00000149100	blue
1871	ENSG00000149115	green
1872	ENSG00000149131	darkorange
1873	ENSG00000149136	black
1874	ENSG00000149196	blue
1875	ENSG00000149218	green
1876	ENSG00000149257	blue
1877	ENSG00000149273	blue
1878	ENSG00000149357	blue
1879	ENSG00000149380	grey
1880	ENSG00000149485	brown
1881	ENSG00000149541	cyan
1882	ENSG00000149547	steelblue
1883	ENSG00000149557	blue
1884	ENSG00000149577	green
1885	ENSG00000149591	darkturquoise
1886	ENSG00000149806	blue
1887	ENSG00000149923	cyan
1888	ENSG00000149932	cyan
1889	ENSG00000149968	midnightblue
1890	ENSG00000150093	black
1891	ENSG00000150347	darkmagenta
1892	ENSG00000150403	green
1893	ENSG00000150459	blue
1894	ENSG00000150593	black
1895	ENSG00000150594	lightyellow
1896	ENSG00000150630	blue
1897	ENSG00000150687	darkturquoise
1898	ENSG00000150753	darkturquoise
1899	ENSG00000150776	darkmagenta
1900	ENSG00000150779	blue
1901	ENSG00000150787	blue
1902	ENSG00000150938	green
1903	ENSG00000150961	black
1904	ENSG00000150991	grey
1905	ENSG00000151012	darkturquoise
1906	ENSG00000151135	black
1907	ENSG00000151176	brown
1908	ENSG00000151239	black
1909	ENSG00000151247	black
1910	ENSG00000151348	darkturquoise
1911	ENSG00000151353	darkmagenta
1912	ENSG00000151414	darkturquoise
1913	ENSG00000151461	darkmagenta
1914	ENSG00000151465	darkturquoise
1915	ENSG00000151491	black
1916	ENSG00000151632	cyan
1917	ENSG00000151725	darkturquoise
1918	ENSG00000151789	darkmagenta
1919	ENSG00000151914	brown
1920	ENSG00000152049	black
1921	ENSG00000152104	darkmagenta
1922	ENSG00000152219	black
1923	ENSG00000152234	black
1924	ENSG00000152377	darkturquoise
1925	ENSG00000152404	darkmagenta
1926	ENSG00000152465	darkmagenta
1927	ENSG00000152492	black
1928	ENSG00000152518	green
1929	ENSG00000152556	black
1930	ENSG00000152558	black
1931	ENSG00000152601	black
1932	ENSG00000152661	black
1933	ENSG00000152700	black
1934	ENSG00000152795	black
1935	ENSG00000152952	darkturquoise
1936	ENSG00000153064	darkmagenta
1937	ENSG00000153071	brown
1938	ENSG00000153130	darkturquoise
1939	ENSG00000153132	darkmagenta
1940	ENSG00000153147	darkturquoise
1941	ENSG00000153187	brown
1942	ENSG00000153246	black
1943	ENSG00000153250	steelblue
1944	ENSG00000153786	green
1945	ENSG00000153815	darkmagenta
1946	ENSG00000153823	darkturquoise
1947	ENSG00000153827	black
1948	ENSG00000153879	darkturquoise
1949	ENSG00000153904	darkturquoise
1950	ENSG00000153914	darkmagenta
1951	ENSG00000154096	cyan
1952	ENSG00000154122	brown
1953	ENSG00000154144	darkmagenta
1954	ENSG00000154174	black
1955	ENSG00000154175	brown
1956	ENSG00000154188	darkturquoise
1957	ENSG00000154229	steelblue
1958	ENSG00000154277	grey60
1959	ENSG00000154380	black
1960	ENSG00000154473	darkturquoise
1961	ENSG00000154518	blue
1962	ENSG00000154556	green
1963	ENSG00000154582	blue
1964	ENSG00000154723	blue
1965	ENSG00000154734	lightyellow
1966	ENSG00000154736	lightyellow
1967	ENSG00000154767	darkmagenta
1968	ENSG00000154845	black
1969	ENSG00000154864	darkmagenta
1970	ENSG00000155085	darkmagenta
1971	ENSG00000155096	black
1972	ENSG00000155097	black
1973	ENSG00000155115	blue
1974	ENSG00000155158	grey60
1975	ENSG00000155254	darkorange
1976	ENSG00000155304	black
1977	ENSG00000155324	lightyellow
1978	ENSG00000155366	darkmagenta
1979	ENSG00000155368	blue
1980	ENSG00000155506	grey
1981	ENSG00000155660	steelblue
1982	ENSG00000155827	darkmagenta
1983	ENSG00000155876	steelblue
1984	ENSG00000155959	darkturquoise
1985	ENSG00000156011	black
1986	ENSG00000156026	black
1987	ENSG00000156110	darkturquoise
1988	ENSG00000156113	brown
1989	ENSG00000156411	blue
1990	ENSG00000156466	greenyellow
1991	ENSG00000156467	blue
1992	ENSG00000156471	black
1993	ENSG00000156482	blue
1994	ENSG00000156508	black
1995	ENSG00000156515	grey
1996	ENSG00000156535	black
1997	ENSG00000156587	midnightblue
1998	ENSG00000156603	darkmagenta
1999	ENSG00000156639	brown
2000	ENSG00000156642	black
2001	ENSG00000156804	pink
2002	ENSG00000156976	black
2003	ENSG00000157020	darkturquoise
2004	ENSG00000157150	green
2005	ENSG00000157216	darkmagenta
2006	ENSG00000157227	brown
2007	ENSG00000157240	blue
2008	ENSG00000157483	brown
2009	ENSG00000157514	green
2010	ENSG00000157554	black
2011	ENSG00000157557	white
2012	ENSG00000157593	green
2013	ENSG00000157601	midnightblue
2014	ENSG00000157613	lightgreen
2015	ENSG00000157637	darkorange
2016	ENSG00000157654	darkmagenta
2017	ENSG00000157766	green
2018	ENSG00000157895	darkmagenta
2019	ENSG00000157916	blue
2020	ENSG00000157933	green
2021	ENSG00000158042	blue
2022	ENSG00000158195	darkorange
2023	ENSG00000158290	darkturquoise
2024	ENSG00000158417	darkmagenta
2025	ENSG00000158669	white
2026	ENSG00000158710	steelblue
2027	ENSG00000158747	darkorange
2028	ENSG00000159069	darkorange
2029	ENSG00000159140	white
2030	ENSG00000159167	greenyellow
2031	ENSG00000159176	white
2032	ENSG00000159199	blue
2033	ENSG00000159200	white
2034	ENSG00000159202	brown
2035	ENSG00000159210	grey
2036	ENSG00000159228	blue
2037	ENSG00000159335	grey60
2038	ENSG00000159346	darkturquoise
2039	ENSG00000159352	blue
2040	ENSG00000159377	blue
2041	ENSG00000159388	lightyellow
2042	ENSG00000159461	green
2043	ENSG00000159593	black
2044	ENSG00000159720	darkmagenta
2045	ENSG00000160007	brown
2046	ENSG00000160013	darkmagenta
2047	ENSG00000160014	green
2048	ENSG00000160049	darkmagenta
2049	ENSG00000160075	blue
2050	ENSG00000160209	darkorange
2051	ENSG00000160211	green
2052	ENSG00000160213	blue
2053	ENSG00000160255	grey
2054	ENSG00000160310	darkmagenta
2055	ENSG00000160563	blue
2056	ENSG00000160691	brown
2057	ENSG00000160710	brown
2058	ENSG00000160789	lightgreen
2059	ENSG00000160888	lightyellow
2060	ENSG00000160991	darkmagenta
2061	ENSG00000161016	blue
2062	ENSG00000161057	darkturquoise
2063	ENSG00000161203	lightgreen
2064	ENSG00000161281	cyan
2065	ENSG00000161638	green
2066	ENSG00000161671	darkorange
2067	ENSG00000161714	green
2068	ENSG00000161970	blue
2069	ENSG00000162191	darkorange
2070	ENSG00000162244	darkturquoise
2071	ENSG00000162368	black
2072	ENSG00000162407	pink
2073	ENSG00000162430	darkorange
2074	ENSG00000162433	darkturquoise
2075	ENSG00000162434	black
2076	ENSG00000162441	darkmagenta
2077	ENSG00000162493	white
2078	ENSG00000162496	grey60
2079	ENSG00000162521	black
2080	ENSG00000162551	green
2081	ENSG00000162576	darkorange
2082	ENSG00000162585	darkmagenta
2083	ENSG00000162591	steelblue
2084	ENSG00000162607	black
2085	ENSG00000162614	darkmagenta
2086	ENSG00000162627	black
2087	ENSG00000162692	lightyellow
2088	ENSG00000162695	darkmagenta
2089	ENSG00000162704	darkturquoise
2090	ENSG00000162729	darkorange
2091	ENSG00000162733	black
2092	ENSG00000162734	blue
2093	ENSG00000162736	green
2094	ENSG00000162745	brown
2095	ENSG00000162783	lightyellow
2096	ENSG00000162804	green
2097	ENSG00000162889	brown
2098	ENSG00000162909	greenyellow
2099	ENSG00000162923	brown
2100	ENSG00000162998	green
2101	ENSG00000163001	grey
2102	ENSG00000163069	black
2103	ENSG00000163110	darkmagenta
2104	ENSG00000163171	darkturquoise
2105	ENSG00000163191	blue
2106	ENSG00000163297	grey
2107	ENSG00000163344	darkmagenta
2108	ENSG00000163346	darkorange
2109	ENSG00000163359	brown
2110	ENSG00000163399	brown
2111	ENSG00000163428	black
2112	ENSG00000163430	darkturquoise
2113	ENSG00000163444	black
2114	ENSG00000163453	darkturquoise
2115	ENSG00000163466	darkturquoise
2116	ENSG00000163468	blue
2117	ENSG00000163479	blue
2118	ENSG00000163485	darkorange
2119	ENSG00000163513	green
2120	ENSG00000163520	blue
2121	ENSG00000163527	black
2122	ENSG00000163531	white
2123	ENSG00000163541	blue
2124	ENSG00000163565	black
2125	ENSG00000163584	blue
2126	ENSG00000163605	black
2127	ENSG00000163634	blue
2128	ENSG00000163636	darkturquoise
2129	ENSG00000163644	darkmagenta
2130	ENSG00000163659	black
2131	ENSG00000163661	pink
2132	ENSG00000163682	black
2133	ENSG00000163683	darkmagenta
2134	ENSG00000163704	darkmagenta
2135	ENSG00000163710	lightgreen
2136	ENSG00000163714	black
2137	ENSG00000163739	midnightblue
2138	ENSG00000163812	green
2139	ENSG00000163815	grey
2140	ENSG00000163827	darkmagenta
2141	ENSG00000163832	darkmagenta
2142	ENSG00000163882	blue
2143	ENSG00000163900	darkmagenta
2144	ENSG00000163902	black
2145	ENSG00000163931	grey
2146	ENSG00000163938	black
2147	ENSG00000163956	green
2148	ENSG00000163964	darkmagenta
2149	ENSG00000163975	darkmagenta
2150	ENSG00000164022	darkmagenta
2151	ENSG00000164032	darkturquoise
2152	ENSG00000164040	darkmagenta
2153	ENSG00000164050	green
2154	ENSG00000164054	darkorange
2155	ENSG00000164080	darkmagenta
2156	ENSG00000164091	darkmagenta
2157	ENSG00000164096	blue
2158	ENSG00000164104	darkturquoise
2159	ENSG00000164106	lightyellow
2160	ENSG00000164111	steelblue
2161	ENSG00000164163	black
2162	ENSG00000164172	steelblue
2163	ENSG00000164176	black
2164	ENSG00000164182	blue
2165	ENSG00000164190	darkmagenta
2166	ENSG00000164253	black
2167	ENSG00000164258	blue
2168	ENSG00000164283	greenyellow
2169	ENSG00000164292	white
2170	ENSG00000164294	darkturquoise
2171	ENSG00000164305	black
2172	ENSG00000164308	darkmagenta
2173	ENSG00000164346	black
2174	ENSG00000164402	brown
2175	ENSG00000164405	blue
2176	ENSG00000164442	lightyellow
2177	ENSG00000164484	grey60
2178	ENSG00000164543	darkturquoise
2179	ENSG00000164574	green
2180	ENSG00000164587	blue
2181	ENSG00000164609	darkmagenta
2182	ENSG00000164611	steelblue
2183	ENSG00000164619	grey
2184	ENSG00000164647	blue
2185	ENSG00000164692	green
2186	ENSG00000164694	steelblue
2187	ENSG00000164713	blue
2188	ENSG00000164733	brown
2189	ENSG00000164754	black
2190	ENSG00000164761	blue
2191	ENSG00000164880	darkorange
2192	ENSG00000164889	green
2193	ENSG00000164902	darkmagenta
2194	ENSG00000164919	blue
2195	ENSG00000164924	black
2196	ENSG00000164932	steelblue
2197	ENSG00000164934	darkturquoise
2198	ENSG00000164944	darkmagenta
2199	ENSG00000164949	brown
2200	ENSG00000164985	darkmagenta
2201	ENSG00000165030	blue
2202	ENSG00000165102	brown
2203	ENSG00000165119	black
2204	ENSG00000165124	green
2205	ENSG00000165280	brown
2206	ENSG00000165283	blue
2207	ENSG00000165410	steelblue
2208	ENSG00000165416	darkturquoise
2209	ENSG00000165424	green
2210	ENSG00000165434	darkmagenta
2211	ENSG00000165476	black
2212	ENSG00000165502	blue
2213	ENSG00000165507	lightyellow
2214	ENSG00000165525	darkmagenta
2215	ENSG00000165527	black
2216	ENSG00000165629	darkturquoise
2217	ENSG00000165632	darkmagenta
2218	ENSG00000165633	darkmagenta
2219	ENSG00000165637	darkturquoise
2220	ENSG00000165672	darkturquoise
2221	ENSG00000165678	black
2222	ENSG00000165732	darkmagenta
2223	ENSG00000165757	brown
2224	ENSG00000165775	darkturquoise
2225	ENSG00000165802	green
2226	ENSG00000165912	darkorange
2227	ENSG00000165915	green
2228	ENSG00000165916	white
2229	ENSG00000165934	black
2230	ENSG00000166012	darkturquoise
2231	ENSG00000166025	brown
2232	ENSG00000166033	grey
2233	ENSG00000166073	steelblue
2234	ENSG00000166130	blue
2235	ENSG00000166147	green
2236	ENSG00000166164	darkmagenta
2237	ENSG00000166165	darkorange
2238	ENSG00000166181	black
2239	ENSG00000166200	black
2240	ENSG00000166226	black
2241	ENSG00000166250	black
2242	ENSG00000166272	darkmagenta
2243	ENSG00000166275	darkmagenta
2244	ENSG00000166295	cyan
2245	ENSG00000166311	darkorange
2246	ENSG00000166441	blue
2247	ENSG00000166479	black
2248	ENSG00000166482	green
2249	ENSG00000166503	darkmagenta
2250	ENSG00000166557	white
2251	ENSG00000166595	blue
2252	ENSG00000166598	darkmagenta
2253	ENSG00000166681	blue
2254	ENSG00000166734	black
2255	ENSG00000166741	blue
2256	ENSG00000166750	black
2257	ENSG00000166794	blue
2258	ENSG00000166825	green
2259	ENSG00000166833	green
2260	ENSG00000166848	darkmagenta
2261	ENSG00000166888	lightgreen
2262	ENSG00000166913	steelblue
2263	ENSG00000166949	green
2264	ENSG00000166963	darkmagenta
2265	ENSG00000166986	black
2266	ENSG00000167004	blue
2267	ENSG00000167088	darkturquoise
2268	ENSG00000167110	darkmagenta
2269	ENSG00000167123	darkmagenta
2270	ENSG00000167157	pink
2271	ENSG00000167244	lightyellow
2272	ENSG00000167283	blue
2273	ENSG00000167291	green
2274	ENSG00000167315	darkturquoise
2275	ENSG00000167325	steelblue
2276	ENSG00000167460	black
2277	ENSG00000167468	darkorange
2278	ENSG00000167470	darkmagenta
2279	ENSG00000167522	darkmagenta
2280	ENSG00000167526	blue
2281	ENSG00000167552	steelblue
2282	ENSG00000167553	darkturquoise
2283	ENSG00000167601	darkmagenta
2284	ENSG00000167635	black
2285	ENSG00000167657	darkmagenta
2286	ENSG00000167658	grey
2287	ENSG00000167670	grey60
2288	ENSG00000167671	cyan
2289	ENSG00000167772	pink
2290	ENSG00000167779	cyan
2291	ENSG00000167792	white
2292	ENSG00000167815	blue
2293	ENSG00000167863	blue
2294	ENSG00000167900	greenyellow
2295	ENSG00000167930	lightgreen
2296	ENSG00000167978	darkmagenta
2297	ENSG00000167986	brown
2298	ENSG00000168002	blue
2299	ENSG00000168003	greenyellow
2300	ENSG00000168028	black
2301	ENSG00000168036	black
2302	ENSG00000168056	darkorange
2303	ENSG00000168066	brown
2304	ENSG00000168077	brown
2305	ENSG00000168079	blue
2306	ENSG00000168090	cyan
2307	ENSG00000168092	steelblue
2308	ENSG00000168137	darkmagenta
2309	ENSG00000168172	darkmagenta
2310	ENSG00000168209	greenyellow
2311	ENSG00000168214	grey
2312	ENSG00000168268	brown
2313	ENSG00000168288	black
2314	ENSG00000168291	darkturquoise
2315	ENSG00000168297	black
2316	ENSG00000168374	darkturquoise
2317	ENSG00000168385	black
2318	ENSG00000168393	blue
2319	ENSG00000168398	pink
2320	ENSG00000168461	white
2321	ENSG00000168487	darkorange
2322	ENSG00000168566	darkmagenta
2323	ENSG00000168610	white
2324	ENSG00000168615	steelblue
2325	ENSG00000168653	blue
2326	ENSG00000168685	darkturquoise
2327	ENSG00000168701	grey
2328	ENSG00000168710	steelblue
2329	ENSG00000168734	blue
2330	ENSG00000168807	steelblue
2331	ENSG00000168874	darkmagenta
2332	ENSG00000168887	darkmagenta
2333	ENSG00000168894	darkmagenta
2334	ENSG00000168899	cyan
2335	ENSG00000168906	black
2336	ENSG00000168938	black
2337	ENSG00000168958	darkturquoise
2338	ENSG00000168994	grey60
2339	ENSG00000169020	darkmagenta
2340	ENSG00000169021	blue
2341	ENSG00000169062	darkmagenta
2342	ENSG00000169136	grey60
2343	ENSG00000169139	darkturquoise
2344	ENSG00000169180	brown
2345	ENSG00000169189	cyan
2346	ENSG00000169213	darkmagenta
2347	ENSG00000169223	cyan
2348	ENSG00000169249	darkmagenta
2349	ENSG00000169251	black
2350	ENSG00000169398	darkturquoise
2351	ENSG00000169429	white
2352	ENSG00000169439	black
2353	ENSG00000169490	blue
2354	ENSG00000169504	black
2355	ENSG00000169554	white
2356	ENSG00000169567	blue
2357	ENSG00000169604	black
2358	ENSG00000169710	green
2359	ENSG00000169714	black
2360	ENSG00000169756	black
2361	ENSG00000169764	darkturquoise
2362	ENSG00000169813	black
2363	ENSG00000169826	black
2364	ENSG00000169871	darkmagenta
2365	ENSG00000169908	pink
2366	ENSG00000169925	darkmagenta
2367	ENSG00000169976	blue
2368	ENSG00000170004	darkmagenta
2369	ENSG00000170017	darkturquoise
2370	ENSG00000170027	black
2371	ENSG00000170043	cyan
2372	ENSG00000170144	black
2373	ENSG00000170248	black
2374	ENSG00000170266	brown
2375	ENSG00000170275	grey
2376	ENSG00000170312	darkturquoise
2377	ENSG00000170323	green
2378	ENSG00000170345	lightyellow
2379	ENSG00000170348	darkturquoise
2380	ENSG00000170385	steelblue
2381	ENSG00000170430	darkmagenta
2382	ENSG00000170458	grey60
2383	ENSG00000170515	darkturquoise
2384	ENSG00000170540	black
2385	ENSG00000170577	green
2386	ENSG00000170581	midnightblue
2387	ENSG00000170606	black
2388	ENSG00000170624	black
2389	ENSG00000170734	darkmagenta
2390	ENSG00000170759	darkmagenta
2391	ENSG00000170776	darkmagenta
2392	ENSG00000170801	grey
2393	ENSG00000170860	darkturquoise
2394	ENSG00000170876	green
2395	ENSG00000170891	greenyellow
2396	ENSG00000170955	cyan
2397	ENSG00000170961	blue
2398	ENSG00000171150	black
2399	ENSG00000171206	darkmagenta
2400	ENSG00000171208	steelblue
2401	ENSG00000171223	lightyellow
2402	ENSG00000171314	black
2403	ENSG00000171467	darkmagenta
2404	ENSG00000171475	darkmagenta
2405	ENSG00000171490	darkmagenta
2406	ENSG00000171530	darkturquoise
2407	ENSG00000171552	darkorange
2408	ENSG00000171566	black
2409	ENSG00000171603	green
2410	ENSG00000171604	greenyellow
2411	ENSG00000171634	darkmagenta
2412	ENSG00000171812	lightyellow
2413	ENSG00000171848	darkturquoise
2414	ENSG00000171858	blue
2415	ENSG00000171863	black
2416	ENSG00000171865	darkmagenta
2417	ENSG00000171867	steelblue
2418	ENSG00000171928	black
2419	ENSG00000171951	black
2420	ENSG00000171992	darkmagenta
2421	ENSG00000172037	darkorange
2422	ENSG00000172053	grey
2423	ENSG00000172086	darkmagenta
2424	ENSG00000172115	darkturquoise
2425	ENSG00000172172	blue
2426	ENSG00000172183	midnightblue
2427	ENSG00000172216	lightyellow
2428	ENSG00000172239	black
2429	ENSG00000172260	darkmagenta
2430	ENSG00000172270	darkorange
2431	ENSG00000172301	blue
2432	ENSG00000172331	darkturquoise
2433	ENSG00000172348	darkorange
2434	ENSG00000172354	lightgreen
2435	ENSG00000172380	black
2436	ENSG00000172428	blue
2437	ENSG00000172531	brown
2438	ENSG00000172590	darkmagenta
2439	ENSG00000172638	darkorange
2440	ENSG00000172667	white
2441	ENSG00000172757	blue
2442	ENSG00000172809	blue
2443	ENSG00000172819	grey
2444	ENSG00000172831	darkmagenta
2445	ENSG00000172965	blue
2446	ENSG00000173113	blue
2447	ENSG00000173193	midnightblue
2448	ENSG00000173221	lightgreen
2449	ENSG00000173230	brown
2450	ENSG00000173402	green
2451	ENSG00000173418	darkturquoise
2452	ENSG00000173436	darkmagenta
2453	ENSG00000173442	darkorange
2454	ENSG00000173457	darkturquoise
2455	ENSG00000173473	darkmagenta
2456	ENSG00000173482	brown
2457	ENSG00000173511	darkmagenta
2458	ENSG00000173517	black
2459	ENSG00000173530	steelblue
2460	ENSG00000173546	green
2461	ENSG00000173548	green
2462	ENSG00000173575	darkmagenta
2463	ENSG00000173599	lightgreen
2464	ENSG00000173641	darkmagenta
2465	ENSG00000173660	blue
2466	ENSG00000173674	black
2467	ENSG00000173692	darkmagenta
2468	ENSG00000173705	green
2469	ENSG00000173706	darkmagenta
2470	ENSG00000173726	black
2471	ENSG00000173786	midnightblue
2472	ENSG00000173812	blue
2473	ENSG00000173821	white
2474	ENSG00000173905	black
2475	ENSG00000173915	darkturquoise
2476	ENSG00000173918	lightgreen
2477	ENSG00000174080	darkorange
2478	ENSG00000174099	darkmagenta
2479	ENSG00000174136	greenyellow
2480	ENSG00000174306	green
2481	ENSG00000174307	darkorange
2482	ENSG00000174348	darkorange
2483	ENSG00000174437	brown
2484	ENSG00000174444	black
2485	ENSG00000174574	darkmagenta
2486	ENSG00000174600	grey60
2487	ENSG00000174695	darkturquoise
2488	ENSG00000174705	brown
2489	ENSG00000174720	white
2490	ENSG00000174748	darkturquoise
2491	ENSG00000174780	darkmagenta
2492	ENSG00000174791	cyan
2493	ENSG00000174807	darkorange
2494	ENSG00000174891	darkmagenta
2495	ENSG00000174917	cyan
2496	ENSG00000175061	darkturquoise
2497	ENSG00000175115	green
2498	ENSG00000175166	darkmagenta
2499	ENSG00000175203	blue
2500	ENSG00000175215	brown
2501	ENSG00000175220	grey
2502	ENSG00000175224	white
2503	ENSG00000175274	green
2504	ENSG00000175334	blue
2505	ENSG00000175390	blue
2506	ENSG00000175416	darkmagenta
2507	ENSG00000175426	black
2508	ENSG00000175467	grey
2509	ENSG00000175550	blue
2510	ENSG00000175573	cyan
2511	ENSG00000175582	black
2512	ENSG00000175602	darkmagenta
2513	ENSG00000175756	darkmagenta
2514	ENSG00000175854	darkmagenta
2515	ENSG00000175899	brown
2516	ENSG00000176014	blue
2517	ENSG00000176046	grey60
2518	ENSG00000176171	darkturquoise
2519	ENSG00000176340	blue
2520	ENSG00000176438	green
2521	ENSG00000176658	brown
2522	ENSG00000176788	black
2523	ENSG00000176871	darkturquoise
2524	ENSG00000176978	darkorange
2525	ENSG00000177105	cyan
2526	ENSG00000177119	black
2527	ENSG00000177156	blue
2528	ENSG00000177225	grey60
2529	ENSG00000177239	white
2530	ENSG00000177363	darkorange
2531	ENSG00000177409	midnightblue
2532	ENSG00000177410	blue
2533	ENSG00000177469	darkmagenta
2534	ENSG00000177556	darkmagenta
2535	ENSG00000177565	black
2536	ENSG00000177600	blue
2537	ENSG00000177606	lightyellow
2538	ENSG00000177663	darkmagenta
2539	ENSG00000177666	darkorange
2540	ENSG00000177697	cyan
2541	ENSG00000177700	cyan
2542	ENSG00000177733	brown
2543	ENSG00000177738	darkmagenta
2544	ENSG00000177879	black
2545	ENSG00000177885	darkmagenta
2546	ENSG00000177889	darkturquoise
2547	ENSG00000177954	black
2548	ENSG00000177963	grey
2549	ENSG00000178031	grey
2550	ENSG00000178104	steelblue
2551	ENSG00000178202	black
2552	ENSG00000178209	green
2553	ENSG00000178685	midnightblue
2554	ENSG00000178695	brown
2555	ENSG00000178719	darkorange
2556	ENSG00000178741	blue
2557	ENSG00000178913	black
2558	ENSG00000178951	darkmagenta
2559	ENSG00000178952	lightgreen
2560	ENSG00000178980	blue
2561	ENSG00000179010	blue
2562	ENSG00000179134	darkorange
2563	ENSG00000179195	black
2564	ENSG00000179218	steelblue
2565	ENSG00000179222	green
2566	ENSG00000179271	darkmagenta
2567	ENSG00000179295	black
2568	ENSG00000179630	black
2569	ENSG00000179820	darkmagenta
2570	ENSG00000179954	darkorange
2571	ENSG00000180155	darkorange
2572	ENSG00000180304	pink
2573	ENSG00000180398	darkturquoise
2574	ENSG00000180447	pink
2575	ENSG00000180801	darkmagenta
2576	ENSG00000180806	darkmagenta
2577	ENSG00000180817	darkturquoise
2578	ENSG00000180818	darkmagenta
2579	ENSG00000180875	darkmagenta
2580	ENSG00000180879	blue
2581	ENSG00000180957	black
2582	ENSG00000180964	darkturquoise
2583	ENSG00000180992	blue
2584	ENSG00000181019	blue
2585	ENSG00000181163	black
2586	ENSG00000181195	steelblue
2587	ENSG00000181458	black
2588	ENSG00000181610	darkturquoise
2589	ENSG00000181722	darkmagenta
2590	ENSG00000181789	brown
2591	ENSG00000181924	blue
2592	ENSG00000182004	darkturquoise
2593	ENSG00000182095	green
2594	ENSG00000182158	black
2595	ENSG00000182179	midnightblue
2596	ENSG00000182197	blue
2597	ENSG00000182199	greenyellow
2598	ENSG00000182220	black
2599	ENSG00000182326	green
2600	ENSG00000182481	darkturquoise
2601	ENSG00000182492	grey
2602	ENSG00000182534	darkmagenta
2603	ENSG00000182606	darkmagenta
2604	ENSG00000182667	darkmagenta
2605	ENSG00000182670	black
2606	ENSG00000182704	pink
2607	ENSG00000182718	blue
2608	ENSG00000182752	darkmagenta
2609	ENSG00000182809	lightgreen
2610	ENSG00000182827	darkmagenta
2611	ENSG00000182899	blue
2612	ENSG00000182934	black
2613	ENSG00000183087	grey
2614	ENSG00000183098	brown
2615	ENSG00000183160	brown
2616	ENSG00000183207	greenyellow
2617	ENSG00000183255	lightyellow
2618	ENSG00000183283	black
2619	ENSG00000183287	white
2620	ENSG00000183291	darkturquoise
2621	ENSG00000183431	midnightblue
2622	ENSG00000183527	darkturquoise
2623	ENSG00000183576	darkturquoise
2624	ENSG00000183648	blue
2625	ENSG00000183722	darkturquoise
2626	ENSG00000183726	darkturquoise
2627	ENSG00000183741	darkorange
2628	ENSG00000183853	brown
2629	ENSG00000183864	darkorange
2630	ENSG00000183963	lightgreen
2631	ENSG00000183978	blue
2632	ENSG00000184007	darkturquoise
2633	ENSG00000184014	black
2634	ENSG00000184164	grey60
2635	ENSG00000184216	darkorange
2636	ENSG00000184220	white
2637	ENSG00000184232	darkorange
2638	ENSG00000184281	darkmagenta
2639	ENSG00000184347	grey60
2640	ENSG00000184371	lightyellow
2641	ENSG00000184432	black
2642	ENSG00000184500	brown
2643	ENSG00000184557	lightyellow
2644	ENSG00000184575	black
2645	ENSG00000184588	darkturquoise
2646	ENSG00000184640	green
2647	ENSG00000184743	black
2648	ENSG00000184752	blue
2649	ENSG00000184787	darkmagenta
2650	ENSG00000184840	blue
2651	ENSG00000184900	blue
2652	ENSG00000184939	darkmagenta
2653	ENSG00000185022	pink
2654	ENSG00000185043	blue
2655	ENSG00000185070	darkmagenta
2656	ENSG00000185088	blue
2657	ENSG00000185129	darkmagenta
2658	ENSG00000185201	green
2659	ENSG00000185215	grey60
2660	ENSG00000185222	darkmagenta
2661	ENSG00000185236	darkorange
2662	ENSG00000185432	darkmagenta
2663	ENSG00000185567	green
2664	ENSG00000185585	green
2665	ENSG00000185624	green
2666	ENSG00000185627	grey
2667	ENSG00000185633	pink
2668	ENSG00000185650	darkmagenta
2669	ENSG00000185651	blue
2670	ENSG00000185721	darkturquoise
2671	ENSG00000185745	midnightblue
2672	ENSG00000185787	black
2673	ENSG00000185800	darkmagenta
2674	ENSG00000185825	lightgreen
2675	ENSG00000185885	midnightblue
2676	ENSG00000185896	darkorange
2677	ENSG00000186010	darkmagenta
2678	ENSG00000186111	darkorange
2679	ENSG00000186184	darkturquoise
2680	ENSG00000186298	black
2681	ENSG00000186340	steelblue
2682	ENSG00000186350	darkorange
2683	ENSG00000186432	black
2684	ENSG00000186468	darkturquoise
2685	ENSG00000186480	black
2686	ENSG00000186522	black
2687	ENSG00000186591	brown
2688	ENSG00000186687	darkmagenta
2689	ENSG00000186918	white
2690	ENSG00000187051	cyan
2691	ENSG00000187079	black
2692	ENSG00000187091	green
2693	ENSG00000187109	black
2694	ENSG00000187134	darkorange
2695	ENSG00000187446	black
2696	ENSG00000187498	midnightblue
2697	ENSG00000187514	black
2698	ENSG00000187608	midnightblue
2699	ENSG00000187678	greenyellow
2700	ENSG00000187735	black
2701	ENSG00000187837	darkmagenta
2702	ENSG00000187840	darkturquoise
2703	ENSG00000187955	brown
2704	ENSG00000188042	darkmagenta
2705	ENSG00000188112	darkmagenta
2706	ENSG00000188157	midnightblue
2707	ENSG00000188186	cyan
2708	ENSG00000188229	greenyellow
2709	ENSG00000188243	blue
2710	ENSG00000188257	green
2711	ENSG00000188313	midnightblue
2712	ENSG00000188529	black
2713	ENSG00000188554	brown
2714	ENSG00000188612	black
2715	ENSG00000188643	blue
2716	ENSG00000188677	darkmagenta
2717	ENSG00000188690	darkmagenta
2718	ENSG00000188783	darkmagenta
2719	ENSG00000188846	darkturquoise
2720	ENSG00000189043	blue
2721	ENSG00000189058	green
2722	ENSG00000189067	blue
2723	ENSG00000189129	blue
2724	ENSG00000189159	blue
2725	ENSG00000189171	cyan
2726	ENSG00000189184	green
2727	ENSG00000189221	green
2728	ENSG00000189241	brown
2729	ENSG00000189266	black
2730	ENSG00000189403	black
2731	ENSG00000196139	lightyellow
2732	ENSG00000196141	darkmagenta
2733	ENSG00000196154	cyan
2734	ENSG00000196199	darkmagenta
2735	ENSG00000196205	black
2736	ENSG00000196235	grey
2737	ENSG00000196262	black
2738	ENSG00000196352	blue
2739	ENSG00000196365	darkmagenta
2740	ENSG00000196419	darkturquoise
2741	ENSG00000196498	green
2742	ENSG00000196504	darkmagenta
2743	ENSG00000196531	blue
2744	ENSG00000196535	darkmagenta
2745	ENSG00000196549	steelblue
2746	ENSG00000196562	brown
2747	ENSG00000196569	green
2748	ENSG00000196576	green
2749	ENSG00000196586	darkmagenta
2750	ENSG00000196591	black
2751	ENSG00000196611	white
2752	ENSG00000196616	green
2753	ENSG00000196628	white
2754	ENSG00000196642	darkmagenta
2755	ENSG00000196683	blue
2756	ENSG00000196730	lightyellow
2757	ENSG00000196776	darkturquoise
2758	ENSG00000196821	white
2759	ENSG00000196878	grey
2760	ENSG00000196914	black
2761	ENSG00000196923	darkmagenta
2762	ENSG00000196924	lightgreen
2763	ENSG00000196961	green
2764	ENSG00000196968	darkmagenta
2765	ENSG00000196975	brown
2766	ENSG00000197043	greenyellow
2767	ENSG00000197045	darkturquoise
2768	ENSG00000197081	green
2769	ENSG00000197102	white
2770	ENSG00000197111	green
2771	ENSG00000197157	brown
2772	ENSG00000197256	green
2773	ENSG00000197321	darkmagenta
2774	ENSG00000197324	darkorange
2775	ENSG00000197381	green
2776	ENSG00000197448	blue
2777	ENSG00000197451	black
2778	ENSG00000197555	brown
2779	ENSG00000197586	green
2780	ENSG00000197594	brown
2781	ENSG00000197601	black
2782	ENSG00000197614	pink
2783	ENSG00000197635	darkmagenta
2784	ENSG00000197694	brown
2785	ENSG00000197702	black
2786	ENSG00000197712	darkmagenta
2787	ENSG00000197728	darkturquoise
2788	ENSG00000197746	grey
2789	ENSG00000197747	blue
2790	ENSG00000197756	blue
2791	ENSG00000197771	black
2792	ENSG00000197785	darkmagenta
2793	ENSG00000197858	cyan
2794	ENSG00000197860	darkmagenta
2795	ENSG00000197879	darkorange
2796	ENSG00000197894	green
2797	ENSG00000197930	darkturquoise
2798	ENSG00000197956	blue
2799	ENSG00000197958	blue
2800	ENSG00000197965	darkturquoise
2801	ENSG00000197982	lightgreen
2802	ENSG00000198034	blue
2803	ENSG00000198053	darkorange
2804	ENSG00000198121	steelblue
2805	ENSG00000198157	darkmagenta
2806	ENSG00000198160	darkmagenta
2807	ENSG00000198162	darkmagenta
2808	ENSG00000198171	cyan
2809	ENSG00000198176	darkturquoise
2810	ENSG00000198242	black
2811	ENSG00000198258	blue
2812	ENSG00000198363	black
2813	ENSG00000198373	grey
2814	ENSG00000198380	black
2815	ENSG00000198399	darkmagenta
2816	ENSG00000198431	blue
2817	ENSG00000198467	darkmagenta
2818	ENSG00000198542	darkorange
2819	ENSG00000198561	grey60
2820	ENSG00000198604	white
2821	ENSG00000198612	black
2822	ENSG00000198663	darkmagenta
2823	ENSG00000198668	darkturquoise
2824	ENSG00000198677	black
2825	ENSG00000198682	black
2826	ENSG00000198695	steelblue
2827	ENSG00000198712	black
2828	ENSG00000198715	grey60
2829	ENSG00000198721	blue
2830	ENSG00000198727	steelblue
2831	ENSG00000198730	darkmagenta
2832	ENSG00000198732	midnightblue
2833	ENSG00000198743	steelblue
2834	ENSG00000198752	brown
2835	ENSG00000198755	darkturquoise
2836	ENSG00000198763	black
2837	ENSG00000198786	brown
2838	ENSG00000198791	black
2839	ENSG00000198792	lightyellow
2840	ENSG00000198795	black
2841	ENSG00000198804	black
2842	ENSG00000198816	darkmagenta
2843	ENSG00000198830	darkturquoise
2844	ENSG00000198832	cyan
2845	ENSG00000198833	black
2846	ENSG00000198840	steelblue
2847	ENSG00000198843	darkturquoise
2848	ENSG00000198856	darkturquoise
2849	ENSG00000198886	black
2850	ENSG00000198887	black
2851	ENSG00000198888	black
2852	ENSG00000198898	darkturquoise
2853	ENSG00000198899	black
2854	ENSG00000198909	darkorange
2855	ENSG00000198911	green
2856	ENSG00000198918	blue
2857	ENSG00000198938	black
2858	ENSG00000198952	white
2859	ENSG00000198959	white
2860	ENSG00000198961	black
2861	ENSG00000203485	lightgreen
2862	ENSG00000203875	darkorange
2863	ENSG00000203879	darkmagenta
2864	ENSG00000204054	darkmagenta
2865	ENSG00000204103	brown
2866	ENSG00000204120	darkmagenta
2867	ENSG00000204138	darkmagenta
2868	ENSG00000204262	brown
2869	ENSG00000204291	grey60
2870	ENSG00000204381	darkturquoise
2871	ENSG00000204628	blue
2872	ENSG00000204673	darkorange
2873	ENSG00000204843	darkorange
2874	ENSG00000205060	darkmagenta
2875	ENSG00000205302	black
2876	ENSG00000205339	black
2877	ENSG00000205542	blue
2878	ENSG00000205581	black
2879	ENSG00000205730	darkmagenta
2880	ENSG00000206503	midnightblue
2881	ENSG00000210082	black
2882	ENSG00000210144	darkmagenta
2883	ENSG00000211445	green
2884	ENSG00000211448	darkturquoise
2885	ENSG00000211459	steelblue
2886	ENSG00000211460	darkturquoise
2887	ENSG00000212907	black
2888	ENSG00000213015	darkmagenta
2889	ENSG00000213024	darkmagenta
2890	ENSG00000213281	black
2891	ENSG00000213465	darkmagenta
2892	ENSG00000213523	grey
2893	ENSG00000213585	darkturquoise
2894	ENSG00000213625	darkturquoise
2895	ENSG00000213626	black
2896	ENSG00000213639	black
2897	ENSG00000213694	pink
2898	ENSG00000213741	blue
2899	ENSG00000213853	darkmagenta
2900	ENSG00000213923	darkmagenta
2901	ENSG00000214046	cyan
2902	ENSG00000214063	lightgreen
2903	ENSG00000214078	green
2904	ENSG00000214253	blue
2905	ENSG00000214517	blue
2906	ENSG00000214530	darkmagenta
2907	ENSG00000214548	darkmagenta
2908	ENSG00000215021	blue
2909	ENSG00000215193	darkmagenta
2910	ENSG00000215301	black
2911	ENSG00000218739	grey60
2912	ENSG00000221866	green
2913	ENSG00000221869	lightyellow
2914	ENSG00000221890	green
2915	ENSG00000221963	darkmagenta
2916	ENSG00000221968	darkorange
2917	ENSG00000221983	cyan
2918	ENSG00000222041	darkturquoise
2919	ENSG00000223496	darkmagenta
2920	ENSG00000223532	midnightblue
2921	ENSG00000223547	grey60
2922	ENSG00000224259	darkmagenta
2923	ENSG00000224877	white
2924	ENSG00000225691	pink
2925	ENSG00000225733	black
2926	ENSG00000225746	darkmagenta
2927	ENSG00000225921	darkturquoise
2928	ENSG00000226137	darkmagenta
2929	ENSG00000226328	grey60
2930	ENSG00000227051	darkmagenta
2931	ENSG00000228253	black
2932	ENSG00000228474	blue
2933	ENSG00000230989	darkmagenta
2934	ENSG00000232126	blue
2935	ENSG00000233276	blue
2936	ENSG00000233927	darkturquoise
2937	ENSG00000234741	blue
2938	ENSG00000235162	darkturquoise
2939	ENSG00000239672	white
2940	ENSG00000240184	brown
2941	ENSG00000240342	black
2942	ENSG00000240583	pink
2943	ENSG00000240682	darkmagenta
2944	ENSG00000241468	blue
2945	ENSG00000241553	blue
2946	ENSG00000241685	grey60
2947	ENSG00000241837	blue
2948	ENSG00000241839	darkorange
2949	ENSG00000242125	blue
2950	ENSG00000242372	darkmagenta
2951	ENSG00000242485	blue
2952	ENSG00000243147	blue
2953	ENSG00000243317	steelblue
2954	ENSG00000243667	darkmagenta
2955	ENSG00000244038	green
2956	ENSG00000244509	darkmagenta
2957	ENSG00000245532	darkmagenta
2958	ENSG00000246430	steelblue
2959	ENSG00000246695	darkmagenta
2960	ENSG00000248092	darkmagenta
2961	ENSG00000248275	darkmagenta
2962	ENSG00000248333	darkmagenta
2963	ENSG00000248527	black
2964	ENSG00000249992	greenyellow
2965	ENSG00000253368	green
2966	ENSG00000253729	steelblue
2967	ENSG00000253738	darkmagenta
2968	ENSG00000254470	grey60
2969	ENSG00000254635	darkmagenta
2970	ENSG00000254999	blue
2971	ENSG00000255112	darkturquoise
2972	ENSG00000255248	white
2973	ENSG00000255302	black
2974	ENSG00000256235	steelblue
2975	ENSG00000257923	grey
2976	ENSG00000260032	black
2977	ENSG00000262655	green
2978	ENSG00000263001	darkmagenta
2979	ENSG00000264364	darkmagenta
2980	ENSG00000265354	blue
2981	ENSG00000265808	black
2982	ENSG00000265972	green
2983	ENSG00000266412	black
2984	ENSG00000266472	blue
2985	ENSG00000267858	darkmagenta
2986	ENSG00000269893	blue
2987	ENSG00000272047	blue
2988	ENSG00000272333	darkmagenta
2989	ENSG00000276168	darkmagenta
2990	ENSG00000277443	white
2991	ENSG00000285132	lightgreen
2992	ENSG00000288701	white
2993	ENSG00000291006	brown
2994	ENSG00000291136	darkmagenta
2995	ENSG00000291174	darkmagenta
2996	ENSG00000291237	steelblue
2997	ENSG00000291748	brown
2998	ENSG00000293268	darkmagenta
2999	ENSG00000293515	darkmagenta
3000	ENSG00000310517	black
